-- phpMyAdmin SQL Dump
-- version 4.7.0
-- https://www.phpmyadmin.net/
--
-- Host: 127.0.0.1
-- Generation Time: Sep 24, 2020 at 02:06 PM
-- Server version: 10.1.26-MariaDB
-- PHP Version: 7.1.8

SET SQL_MODE = "NO_AUTO_VALUE_ON_ZERO";
SET AUTOCOMMIT = 0;
START TRANSACTION;
SET time_zone = "+00:00";


/*!40101 SET @OLD_CHARACTER_SET_CLIENT=@@CHARACTER_SET_CLIENT */;
/*!40101 SET @OLD_CHARACTER_SET_RESULTS=@@CHARACTER_SET_RESULTS */;
/*!40101 SET @OLD_COLLATION_CONNECTION=@@COLLATION_CONNECTION */;
/*!40101 SET NAMES utf8mb4 */;

--
-- Database: `gratia_recruitment`
--

-- --------------------------------------------------------

--
-- Table structure for table `blocks`
--

CREATE TABLE `blocks` (
  `id` int(11) NOT NULL,
  `district_id` int(10) UNSIGNED NOT NULL,
  `block_name` varchar(100) NOT NULL,
  `created_at` timestamp NOT NULL DEFAULT CURRENT_TIMESTAMP ON UPDATE CURRENT_TIMESTAMP,
  `updated_at` timestamp NOT NULL DEFAULT '0000-00-00 00:00:00'
) ENGINE=InnoDB DEFAULT CHARSET=latin1;

--
-- Dumping data for table `blocks`
--

INSERT INTO `blocks` (`id`, `district_id`, `block_name`, `created_at`, `updated_at`) VALUES
(2489, 280, 'BAJALI ', '2019-01-28 05:26:17', '2019-01-28 05:26:17'),
(2490, 280, 'BARPETA ', '2019-01-28 05:26:17', '2019-01-28 05:26:17'),
(2491, 280, 'BHABANIPUR', '2019-01-28 05:26:17', '2019-01-28 05:26:17'),
(2492, 280, 'CHAKCHAKA ', '2019-01-28 05:26:17', '2019-01-28 05:26:17'),
(2493, 280, 'CHENGA ', '2019-01-28 05:26:17', '2019-01-28 05:26:17'),
(2494, 280, 'GOBARDHANA ', '2019-01-28 05:26:18', '2019-01-28 05:26:18'),
(2495, 280, 'GOMAPHULBARI ', '2019-01-28 05:26:18', '2019-01-28 05:26:18'),
(2496, 616, 'JALAH ', '2019-01-28 05:26:18', '2019-01-28 05:26:18'),
(2497, 280, 'MANDIA', '2019-09-27 11:33:48', '2019-01-28 05:26:18'),
(2498, 280, 'PAKABETBARI ', '2019-01-28 05:26:18', '2019-01-28 05:26:18'),
(2499, 280, 'RUPOSHI', '2019-01-28 05:26:18', '2019-01-28 05:26:18'),
(2500, 280, 'SARUKHETRI ', '2019-01-28 05:26:18', '2019-01-28 05:26:18'),
(2501, 281, 'BOITAMARI ', '2019-01-28 05:26:17', '2019-01-28 05:26:17'),
(2502, 612, 'BOROBAZAR ', '2019-01-28 05:26:17', '2019-01-28 05:26:17'),
(2503, 281, 'DANGTOL ', '2019-01-28 05:26:17', '2019-01-28 05:26:17'),
(2504, 281, 'MANIKPUR ', '2019-01-28 05:26:18', '2019-01-28 05:26:18'),
(2505, 612, 'SIDLI-CHIRANG ', '2019-01-28 05:26:18', '2019-01-28 05:26:18'),
(2506, 281, 'SRIJANGRAM ', '2019-01-28 05:26:18', '2019-01-28 05:26:18'),
(2507, 281, 'TAPATTARY ', '2019-01-28 05:26:18', '2019-01-28 05:26:18'),
(2508, 282, 'BANSKANDI ', '2019-01-28 05:26:17', '2019-01-28 05:26:17'),
(2509, 282, 'BARJALENGA ', '2019-01-28 05:26:17', '2019-01-28 05:26:17'),
(2510, 282, 'BINNAKANDI ', '2019-01-28 05:26:17', '2019-01-28 05:26:17'),
(2511, 282, 'BORKHOLA ', '2019-01-28 05:26:17', '2019-01-28 05:26:17'),
(2512, 282, 'KALAIN ', '2019-01-28 05:26:18', '2019-01-28 05:26:18'),
(2513, 282, 'KATIGORAH ', '2019-01-28 05:26:18', '2019-01-28 05:26:18'),
(2514, 282, 'LAKHIPUR ', '2019-01-28 05:26:18', '2019-01-28 05:26:18'),
(2515, 282, 'NARSINGPUR ', '2019-01-28 05:26:18', '2019-01-28 05:26:18'),
(2516, 282, 'PALONGHAT ', '2019-01-28 05:26:18', '2019-01-28 05:26:18'),
(2517, 282, 'RAJABAZAR ', '2019-01-28 05:26:18', '2019-01-28 05:26:18'),
(2518, 282, 'SALCHAPRA ', '2019-01-28 05:26:18', '2019-01-28 05:26:18'),
(2519, 282, 'SILCHAR ', '2019-01-28 05:26:18', '2019-01-28 05:26:18'),
(2520, 282, 'SONAI ', '2019-01-28 05:26:18', '2019-01-28 05:26:18'),
(2521, 282, 'TAPANG ', '2019-01-28 05:26:18', '2019-01-28 05:26:18'),
(2522, 282, 'UDHARBOND ', '2019-01-28 05:26:18', '2019-01-28 05:26:18'),
(2523, 283, 'BECHIMARI ', '2019-01-28 05:26:17', '2019-01-28 05:26:17'),
(2527, 283, 'DALGAON-SIALMARI ', '2019-01-28 05:26:17', '2019-01-28 05:26:17'),
(2528, 283, 'KALAIGAON', '2019-01-28 05:26:18', '2019-01-28 05:26:18'),
(2535, 283, 'PACHIM-MANGALDAI ', '2019-01-28 05:26:18', '2019-01-28 05:26:18'),
(2537, 283, 'PUB-MANGALDAI ', '2019-01-28 05:26:18', '2019-01-28 05:26:18'),
(2540, 283, 'SIPAJHAR ', '2019-01-28 05:26:18', '2019-01-28 05:26:18'),
(2544, 284, 'SISSIBORGAON ', '2019-01-28 05:26:18', '2019-01-28 05:26:18'),
(2545, 284, 'BORDOLONI ', '2019-01-28 05:26:17', '2019-01-28 05:26:17'),
(2546, 284, 'DHEMAJI ', '2019-01-28 05:26:17', '2019-01-28 05:26:17'),
(2547, 284, 'MACHKHOWA ', '2019-01-28 05:26:18', '2019-01-28 05:26:18'),
(2548, 284, 'MURKONGSELEK ', '2019-01-28 05:26:18', '2019-01-28 05:26:18'),
(2549, 285, 'AGOMANI', '2019-01-28 05:26:17', '2019-01-28 05:26:17'),
(2550, 285, 'BILASIPARA ', '2019-03-13 10:42:27', '2019-01-28 05:26:17'),
(2551, 285, 'BIRSHING-JARUA', '2019-01-28 05:26:17', '2019-01-28 05:26:17'),
(2552, 285, 'CHAPAR SALKOCHA', '2019-03-30 06:06:13', '2019-01-28 05:26:17'),
(2553, 285, 'DEBITOLA', '2019-01-28 05:26:17', '2019-01-28 05:26:17'),
(2554, 707, 'FEKAMARI', '2019-01-28 05:26:17', '2019-01-28 05:26:17'),
(2555, 285, 'GAURIPUR', '2019-01-28 05:26:17', '2019-01-28 05:26:17'),
(2556, 285, 'GOLAKGANJ', '2019-03-30 06:06:23', '2019-01-28 05:26:18'),
(2557, 285, 'JAMADARHAT', '2019-01-28 05:26:18', '2019-01-28 05:26:18'),
(2558, 285, 'MAHAMAYA', '2019-03-30 06:06:34', '2019-01-28 05:26:18'),
(2559, 707, 'MANKACHAR ', '2019-01-28 05:26:18', '2019-01-28 05:26:18'),
(2560, 285, 'NAYERALGA', '2019-01-28 05:26:18', '2019-01-28 05:26:18'),
(2561, 285, 'RUPSHI', '2019-01-28 05:26:18', '2019-01-28 05:26:18'),
(2562, 707, 'SOUTH SALMARA', '2019-01-28 05:26:18', '2019-01-28 05:26:18'),
(2563, 286, 'BARBARUAH', '2019-01-28 05:26:17', '2019-01-28 05:26:17'),
(2564, 286, 'JOYPUR ', '2019-01-28 05:26:18', '2019-01-28 05:26:18'),
(2565, 286, 'KHOWANG ', '2019-01-28 05:26:18', '2019-01-28 05:26:18'),
(2566, 286, 'LAHOAL ', '2019-01-28 05:26:18', '2019-01-28 05:26:18'),
(2567, 286, 'PANITOLA ', '2019-01-28 05:26:18', '2019-01-28 05:26:18'),
(2568, 286, 'TENGAKHAT ', '2019-01-28 05:26:18', '2019-01-28 05:26:18'),
(2569, 286, 'TINGKHONG ', '2019-01-28 05:26:18', '2019-01-28 05:26:18'),
(2570, 287, 'BALIJANA ', '2019-01-28 05:26:17', '2019-01-28 05:26:17'),
(2571, 287, 'JALESWAR ', '2019-01-28 05:26:18', '2019-01-28 05:26:18'),
(2572, 287, 'KHARMUZA ', '2019-01-28 05:26:18', '2019-01-28 05:26:18'),
(2573, 287, 'KRISHNAI ', '2019-01-28 05:26:18', '2019-01-28 05:26:18'),
(2574, 287, 'KUCHDHOWA ', '2019-01-28 05:26:18', '2019-01-28 05:26:18'),
(2575, 287, 'LAKHIPUR ', '2019-01-28 05:26:18', '2019-01-28 05:26:18'),
(2576, 287, 'MATIA ', '2019-01-28 05:26:18', '2019-01-28 05:26:18'),
(2577, 287, 'RONGJULI', '2019-01-28 05:26:18', '2019-01-28 05:26:18'),
(2578, 288, 'GOLAGHAT CENTRAL', '2019-01-28 05:26:18', '2019-01-28 05:26:18'),
(2579, 288, 'GOLAGHAT EAST ', '2019-01-28 05:26:18', '2019-01-28 05:26:18'),
(2580, 288, 'GOLAGHAT NORTH ', '2019-01-28 05:26:18', '2019-01-28 05:26:18'),
(2581, 288, 'GOLAGHAT SOUTH ', '2019-01-28 05:26:18', '2019-01-28 05:26:18'),
(2582, 288, 'GOLAGHAT WEST ', '2019-01-28 05:26:18', '2019-01-28 05:26:18'),
(2583, 288, 'GOMARIGURI ', '2019-01-28 05:26:18', '2019-01-28 05:26:18'),
(2584, 288, 'KAKODONGA ', '2019-01-28 05:26:18', '2019-01-28 05:26:18'),
(2585, 288, 'MORONGI ', '2019-01-28 05:26:18', '2019-01-28 05:26:18'),
(2586, 289, 'ALGAPUR ', '2019-01-28 05:26:17', '2019-01-28 05:26:17'),
(2587, 289, 'HAILAKANDI ', '2019-01-28 05:26:18', '2019-01-28 05:26:18'),
(2588, 289, 'KATLICHERRA ', '2019-01-28 05:26:18', '2019-01-28 05:26:18'),
(2589, 289, 'LALA ', '2019-01-28 05:26:18', '2019-01-28 05:26:18'),
(2590, 289, 'SOUTH HAILAKANDI ', '2019-01-28 05:26:18', '2019-01-28 05:26:18'),
(2591, 290, 'JORHAT ', '2019-01-28 05:26:18', '2019-01-28 05:26:18'),
(2592, 290, 'JORHAT CENTRAL ', '2019-01-28 05:26:18', '2019-01-28 05:26:18'),
(2593, 290, 'JORHAT EAST ', '2019-01-28 05:26:18', '2019-01-28 05:26:18'),
(2594, 290, 'KALIAPANI ', '2019-01-28 05:26:18', '2019-01-28 05:26:18'),
(2595, 706, 'MAJULI ', '2019-01-28 05:26:18', '2019-01-28 05:26:18'),
(2596, 290, 'NORTH WEST JORHAT ', '2019-01-28 05:26:18', '2019-01-28 05:26:18'),
(2597, 290, 'TITABOR ', '2019-01-28 05:26:18', '2019-01-28 05:26:18'),
(2598, 706, 'UJANI MAJULI ', '2019-01-28 05:26:18', '2019-01-28 05:26:18'),
(2599, 291, 'BEZERA ', '2019-01-28 05:26:17', '2019-01-28 05:26:17'),
(2600, 291, 'BIHDIA -JAJIKONA', '2019-01-28 05:26:17', '2019-01-28 05:26:17'),
(2601, 291, 'BOKO ', '2019-01-28 05:26:17', '2019-01-28 05:26:17'),
(2602, 291, 'BONGAON ', '2019-01-28 05:26:17', '2019-01-28 05:26:17'),
(2603, 291, 'CHAMARIA', '2019-01-28 05:26:17', '2019-01-28 05:26:17'),
(2604, 618, 'CHANDRAPUR ', '2019-01-28 05:26:17', '2019-01-28 05:26:17'),
(2605, 291, 'CHAYANI', '2019-01-28 05:26:17', '2019-01-28 05:26:17'),
(2606, 291, 'CHAYGAON', '2019-01-28 05:26:17', '2019-01-28 05:26:17'),
(2607, 618, 'DIMORIA', '2019-01-28 05:26:17', '2019-01-28 05:26:17'),
(2608, 616, 'GORESWAR', '2019-01-28 05:26:18', '2019-01-28 05:26:18'),
(2609, 291, 'GOROIMARI ', '2019-01-28 05:26:18', '2019-01-28 05:26:18'),
(2610, 291, 'HAJO ', '2019-01-28 05:26:18', '2019-01-28 05:26:18'),
(2611, 291, 'KAMALPUR', '2019-01-28 05:26:18', '2019-01-28 05:26:18'),
(2612, 291, 'RAMPUR ', '2019-01-28 05:26:18', '2019-01-28 05:26:18'),
(2613, 291, 'RANGIA ', '2019-01-28 05:26:18', '2019-01-28 05:26:18'),
(2614, 291, 'RANI ', '2019-01-28 05:26:18', '2019-01-28 05:26:18'),
(2615, 291, 'SUALKUCHI ', '2019-01-28 05:26:18', '2019-01-28 05:26:18'),
(2616, 710, 'AMRI', '2019-01-28 05:26:17', '2019-01-28 05:26:17'),
(2617, 292, 'BOKAJAN', '2019-01-28 05:26:17', '2019-01-28 05:26:17'),
(2618, 710, 'CHINTHONG', '2019-01-28 05:26:17', '2019-01-28 05:26:17'),
(2619, 292, 'HOWRAGHAT', '2019-01-28 05:26:18', '2019-01-28 05:26:18'),
(2620, 292, 'LANGSOMEPI', '2019-01-28 05:26:18', '2019-01-28 05:26:18'),
(2621, 292, 'LUMBAJONG', '2019-01-28 05:26:18', '2019-01-28 05:26:18'),
(2622, 292, 'NILIP', '2019-01-28 05:26:18', '2019-01-28 05:26:18'),
(2623, 710, 'RONGKHANG', '2019-01-28 05:26:18', '2019-01-28 05:26:18'),
(2624, 292, 'RONGMONGWE', '2019-01-28 05:26:18', '2019-01-28 05:26:18'),
(2625, 292, 'SAMELANGSO', '2019-01-28 05:26:18', '2019-01-28 05:26:18'),
(2626, 710, 'SOCHENG', '2019-01-28 05:26:18', '2019-01-28 05:26:18'),
(2627, 293, 'BADARPUR ', '2019-01-28 05:26:17', '2019-01-28 05:26:17'),
(2628, 293, 'DULLAVCHERRA ', '2019-01-28 05:26:17', '2019-01-28 05:26:17'),
(2629, 293, 'LOWAIRPOA ', '2019-01-28 05:26:18', '2019-01-28 05:26:18'),
(2630, 293, 'NORTH KARIMGANJ ', '2019-01-28 05:26:18', '2019-01-28 05:26:18'),
(2631, 293, 'PATHARKANDI ', '2019-01-28 05:26:18', '2019-01-28 05:26:18'),
(2632, 293, 'RAMKRISHNA NAGAR ', '2019-01-28 05:26:18', '2019-01-28 05:26:18'),
(2633, 293, 'SOUTH KARIMGANJ ', '2019-01-28 05:26:18', '2019-01-28 05:26:18'),
(2634, 294, 'DOTMA', '2019-03-09 06:37:54', '2019-01-28 05:26:17'),
(2635, 294, 'GOSSAIGAON', '2019-03-09 06:36:17', '2019-01-28 05:26:18'),
(2636, 294, 'HATIDHURA', '2019-03-09 06:35:39', '2019-01-28 05:26:18'),
(2637, 294, 'KACHUGAON', '2019-03-09 06:35:00', '2019-01-28 05:26:18'),
(2638, 294, 'KOKRAJHAR', '2019-03-09 06:31:10', '2019-01-28 05:26:18'),
(2640, 295, 'BIHPURIA ', '2019-01-28 05:26:17', '2019-01-28 05:26:17'),
(2641, 295, 'BOGINADI ', '2019-01-28 05:26:17', '2019-01-28 05:26:17'),
(2642, 295, 'DHAKUAKHANA ', '2019-01-28 05:26:17', '2019-01-28 05:26:17'),
(2643, 295, 'GHILAMARA ', '2019-01-28 05:26:17', '2019-01-28 05:26:17'),
(2644, 295, 'KARUNABARI ', '2019-01-28 05:26:18', '2019-01-28 05:26:18'),
(2645, 295, 'LAKHIMPUR ', '2019-01-28 05:26:18', '2019-01-28 05:26:18'),
(2646, 295, 'NARAYANPUR ', '2019-01-28 05:26:18', '2019-01-28 05:26:18'),
(2647, 295, 'NOWBOICHA ', '2019-01-28 05:26:18', '2019-01-28 05:26:18'),
(2648, 295, 'TELAHI ', '2019-01-28 05:26:18', '2019-01-28 05:26:18'),
(2649, 296, 'BATABRABA (PART) ', '2019-01-28 05:26:17', '2019-01-28 05:26:17'),
(2650, 296, 'BHURBANDHA ', '2019-01-28 05:26:17', '2019-01-28 05:26:17'),
(2651, 296, 'DOLONGGHAT (PART) ', '2019-01-28 05:26:17', '2019-01-28 05:26:17'),
(2652, 296, 'KAPILI ', '2019-01-28 05:26:18', '2019-01-28 05:26:18'),
(2653, 296, 'LAHARIGHAT ', '2019-01-28 05:26:18', '2019-01-28 05:26:18'),
(2654, 296, 'MAYANG ', '2019-01-28 05:26:18', '2019-01-28 05:26:18'),
(2655, 296, 'MOIRABARI ', '2019-01-28 05:26:18', '2019-01-28 05:26:18'),
(2656, 297, 'BAJIAGAON ', '2019-01-28 05:26:17', '2019-01-28 05:26:17'),
(2657, 297, 'BARHAMPUR ', '2019-01-28 05:26:17', '2019-01-28 05:26:17'),
(2658, 297, 'BATADRAVA ', '2019-01-28 05:26:17', '2019-01-28 05:26:17'),
(2659, 709, 'BINAKANDI ', '2019-01-28 05:26:17', '2019-01-28 05:26:17'),
(2660, 709, 'DHALPUKHURI ', '2019-01-28 05:26:17', '2019-01-28 05:26:17'),
(2661, 297, 'DOLONGGHAT ', '2019-01-28 05:26:17', '2019-01-28 05:26:17'),
(2662, 709, 'JUGIJAN ', '2019-01-28 05:26:18', '2019-01-28 05:26:18'),
(2663, 297, 'JURIA ', '2019-01-28 05:26:18', '2019-01-28 05:26:18'),
(2664, 297, 'KALIABOR ', '2019-01-28 05:26:18', '2019-01-28 05:26:18'),
(2665, 297, 'KAPILI PT.I ', '2019-01-28 05:26:18', '2019-01-28 05:26:18'),
(2666, 297, 'KATHIATOLI ', '2019-01-28 05:26:18', '2019-01-28 05:26:18'),
(2667, 297, 'KHAGARIJAN ', '2019-01-28 05:26:18', '2019-01-28 05:26:18'),
(2668, 297, 'LAOKHOWA ', '2019-01-28 05:26:18', '2019-01-28 05:26:18'),
(2669, 709, 'LUMDING ', '2019-01-28 05:26:18', '2019-01-28 05:26:18'),
(2670, 297, 'MOIRABARI PART ', '2019-01-28 05:26:18', '2019-01-28 05:26:18'),
(2671, 297, 'PACHIM KALIABOR ', '2019-01-28 05:26:18', '2019-01-28 05:26:18'),
(2672, 297, 'PAKHIMORIA ', '2019-01-28 05:26:18', '2019-01-28 05:26:18'),
(2673, 297, 'RAHA ', '2019-01-28 05:26:18', '2019-01-28 05:26:18'),
(2674, 297, 'RUPAHI ', '2019-01-28 05:26:18', '2019-01-28 05:26:18'),
(2675, 709, 'UDALI', '2019-01-28 05:26:18', '2019-01-28 05:26:18'),
(2676, 616, 'BARAMA ', '2019-01-28 05:26:17', '2019-01-28 05:26:17'),
(2677, 298, 'BARIGOG BANBHAG ', '2019-01-28 05:26:17', '2019-01-28 05:26:17'),
(2678, 298, 'BARKHETRI ', '2019-01-28 05:26:17', '2019-01-28 05:26:17'),
(2679, 616, 'BASKA ', '2019-01-28 05:26:17', '2019-01-28 05:26:17'),
(2680, 298, 'BORBHAG ', '2019-01-28 05:26:17', '2019-01-28 05:26:17'),
(2681, 616, 'DHAMDHAMA ', '2019-01-28 05:26:17', '2019-01-28 05:26:17'),
(2682, 298, 'MADHUPUR ', '2019-01-28 05:26:18', '2019-01-28 05:26:18'),
(2683, 616, 'NAGRIJULI ', '2019-01-28 05:26:18', '2019-01-28 05:26:18'),
(2684, 298, 'PASCHIM NALBARI ', '2019-01-28 05:26:18', '2019-01-28 05:26:18'),
(2685, 298, 'PUB NALBARI ', '2019-01-28 05:26:18', '2019-01-28 05:26:18'),
(2686, 616, 'TAMULPUR ', '2019-01-28 05:26:18', '2019-01-28 05:26:18'),
(2687, 298, 'TIHU ', '2019-01-28 05:26:18', '2019-01-28 05:26:18'),
(2688, 299, 'DIYANG VALLEY ', '2019-01-28 05:26:17', '2019-01-28 05:26:17'),
(2689, 299, 'DIYUNGBRA ', '2019-01-28 05:26:17', '2019-01-28 05:26:17'),
(2690, 299, 'HARANGAJAO ', '2019-01-28 05:26:18', '2019-01-28 05:26:18'),
(2691, 299, 'JATINGA VALLEY ', '2019-01-28 05:26:18', '2019-01-28 05:26:18'),
(2692, 299, 'NEW SANGBAR ', '2019-01-28 05:26:18', '2019-01-28 05:26:18'),
(2693, 300, 'AMGURI ', '2019-01-28 05:26:17', '2019-01-28 05:26:17'),
(2694, 300, 'DEMOW ', '2019-01-28 05:26:17', '2019-01-28 05:26:17'),
(2695, 300, 'GAURISAGAR ', '2019-01-28 05:26:17', '2019-01-28 05:26:17'),
(2696, 708, 'LAKUWA', '2019-01-28 05:26:18', '2019-01-28 05:26:18'),
(2697, 300, 'NAZIRA ', '2019-01-28 05:26:18', '2019-01-28 05:26:18'),
(2698, 708, 'SAPEKHATI ', '2019-01-28 05:26:18', '2019-01-28 05:26:18'),
(2699, 300, 'SIVASAGAR ', '2019-01-28 05:26:18', '2019-01-28 05:26:18'),
(2700, 708, 'SONARI ', '2019-01-28 05:26:18', '2019-01-28 05:26:18'),
(2701, 708, 'WEST ABHAIPUR', '2019-01-28 05:26:18', '2019-01-28 05:26:18'),
(2702, 705, 'BAGHMARA ', '2019-01-28 05:26:17', '2019-01-28 05:26:17'),
(2703, 301, 'BALIPARA ', '2019-01-28 05:26:17', '2019-01-28 05:26:17'),
(2704, 705, 'BEHALI ', '2019-01-28 05:26:17', '2019-01-28 05:26:17'),
(2705, 301, 'BIHAGURI ', '2019-01-28 05:26:17', '2019-01-28 05:26:17'),
(2706, 705, 'BISWANATH ', '2019-01-28 05:26:17', '2019-01-28 05:26:17'),
(2707, 301, 'BORCHALA ', '2019-01-28 05:26:17', '2019-01-28 05:26:17'),
(2708, 705, 'CHAIDUAR ', '2019-01-28 05:26:17', '2019-01-28 05:26:17'),
(2709, 301, 'DHEKIAJULI ', '2019-01-28 05:26:17', '2019-01-28 05:26:17'),
(2710, 301, 'GABHORU ', '2019-01-28 05:26:17', '2019-01-28 05:26:17'),
(2711, 301, 'NADUAR ', '2019-01-28 05:26:18', '2019-01-28 05:26:18'),
(2712, 705, 'PUB CHAIDUAR ', '2019-01-28 05:26:18', '2019-01-28 05:26:18'),
(2713, 301, 'RANGAPARA ', '2019-01-28 05:26:18', '2019-01-28 05:26:18'),
(2714, 705, 'SAKOMATHA ', '2019-01-28 05:26:18', '2019-01-28 05:26:18'),
(2715, 705, 'SOOTEA ', '2019-02-15 08:47:15', '2019-01-28 05:26:18'),
(2716, 302, 'GUIJAN ', '2019-01-28 05:26:18', '2019-01-28 05:26:18'),
(2717, 302, 'HAPJAN ', '2019-01-28 05:26:18', '2019-01-28 05:26:18'),
(2718, 302, 'ITAKHULI ', '2019-01-28 05:26:18', '2019-01-28 05:26:18'),
(2719, 302, 'KAKOPATHAR ', '2019-01-28 05:26:18', '2019-01-28 05:26:18'),
(2720, 302, 'MARGHERITA ', '2019-01-28 05:26:18', '2019-01-28 05:26:18'),
(2721, 302, 'SADIYA ', '2019-01-28 05:26:18', '2019-01-28 05:26:18'),
(2722, 302, 'SAIKHOWA ', '2019-01-28 05:26:18', '2019-01-28 05:26:18'),
(6548, 617, 'ODALGURI', '2019-01-28 05:26:18', '2019-01-28 05:26:18'),
(6549, 617, 'BHERGAON', '2019-01-28 05:26:17', '2019-01-28 05:26:17'),
(6550, 617, 'MAZBAT', '2019-01-28 05:26:18', '2019-01-28 05:26:18'),
(6551, 617, 'ROWTA', '2019-01-28 05:26:18', '2019-01-28 05:26:18'),
(6552, 617, 'KALAIGAON', '2019-01-28 05:26:18', '2019-01-28 05:26:18'),
(6553, 617, 'KHOIRABARI', '2019-01-28 05:26:18', '2019-01-28 05:26:18'),
(6554, 617, 'BORSOLA', '2019-01-28 05:26:17', '2019-01-28 05:26:17'),
(6555, 617, 'BECHIMARI', '2019-01-28 05:26:17', '2019-01-28 05:26:17'),
(6556, 617, 'DALGAON-SIALMARI', '2019-01-28 05:26:17', '2019-01-28 05:26:17'),
(6557, 617, 'PUB-MANGALDAI', '2019-01-28 05:26:18', '2019-01-28 05:26:18'),
(6558, 617, 'PASCHIM-MANGALDAI', '2019-01-28 05:26:18', '2019-01-28 05:26:18'),
(6559, 285, 'HATIDHURA', '2019-01-28 05:26:18', '2019-01-28 05:26:18'),
(6560, 618, 'RANI (PT)', '2019-01-28 05:26:18', '2019-01-28 05:26:18'),
(6561, 618, 'BEZERA (PT)', '2019-01-28 05:26:17', '2019-01-28 05:26:17'),
(6566, 294, 'CHAPOR-SALKOCHA-BTC', '2019-03-09 06:39:23', '2019-01-28 05:26:17'),
(6567, 294, 'BILASHIPARA-BTC', '2019-03-09 06:40:06', '2019-01-28 05:26:17'),
(6568, 294, 'MAHAMAYA-BTC', '2019-03-09 06:34:17', '2019-01-28 05:26:18'),
(6569, 294, 'GOLAKGANJ-BTC', '2019-03-09 06:37:02', '2019-01-28 05:26:18'),
(6570, 294, 'Rupshi-BTC', '2019-01-28 05:26:18', '2019-01-28 05:26:18'),
(6595, 294, 'DEBITOLA-BTC', '2019-03-09 06:38:31', '2019-01-28 05:26:17'),
(9998, 612, 'MANIKPUR PART', '2019-02-08 06:43:08', '2019-01-28 05:26:18'),
(9999, 616, 'GOBARDHANA-BTC', '2019-03-09 06:37:41', '0000-00-00 00:00:00');

-- --------------------------------------------------------

--
-- Table structure for table `computer_skills`
--

CREATE TABLE `computer_skills` (
  `id` int(11) NOT NULL,
  `user_id` int(11) NOT NULL,
  `job_post_id` int(11) NOT NULL,
  `name_of_diploma` varchar(191) NOT NULL,
  `institute` varchar(191) NOT NULL,
  `duration` float NOT NULL,
  `document_name` varchar(191) DEFAULT NULL,
  `created_at` timestamp NOT NULL DEFAULT CURRENT_TIMESTAMP,
  `updated_at` timestamp NULL DEFAULT NULL
) ENGINE=InnoDB DEFAULT CHARSET=latin1;

--
-- Dumping data for table `computer_skills`
--

INSERT INTO `computer_skills` (`id`, `user_id`, `job_post_id`, `name_of_diploma`, `institute`, `duration`, `document_name`, `created_at`, `updated_at`) VALUES
(1, 49, 9, '9', '9', 9, '/public/uploads/computer_skills/49_9jpg', '2020-09-23 02:35:04', '2020-09-23 05:20:42');

-- --------------------------------------------------------

--
-- Table structure for table `diploma_names`
--

CREATE TABLE `diploma_names` (
  `id` int(11) NOT NULL,
  `required_qualification_id` int(11) NOT NULL,
  `diploma_name` varchar(191) NOT NULL
) ENGINE=InnoDB DEFAULT CHARSET=latin1;

--
-- Dumping data for table `diploma_names`
--

INSERT INTO `diploma_names` (`id`, `required_qualification_id`, `diploma_name`) VALUES
(1, 7, 'P.G. Diploma in Geographic Information Science'),
(2, 7, 'P.G. Diploma in Remote Sensing');

-- --------------------------------------------------------

--
-- Table structure for table `districts`
--

CREATE TABLE `districts` (
  `id` int(11) NOT NULL,
  `district_name` varchar(100) NOT NULL,
  `six_schedule_status` int(10) UNSIGNED NOT NULL COMMENT 'whether a district is six schedule or not',
  `created_at` timestamp NOT NULL DEFAULT CURRENT_TIMESTAMP ON UPDATE CURRENT_TIMESTAMP,
  `updated_at` timestamp NOT NULL DEFAULT '0000-00-00 00:00:00'
) ENGINE=InnoDB DEFAULT CHARSET=latin1;

--
-- Dumping data for table `districts`
--

INSERT INTO `districts` (`id`, `district_name`, `six_schedule_status`, `created_at`, `updated_at`) VALUES
(280, 'BARPETA', 0, '2019-01-28 05:21:27', '2019-01-28 05:21:27'),
(281, 'BONGAIGAON', 0, '2019-01-28 05:21:27', '2019-01-28 05:21:27'),
(282, 'CACHAR', 0, '2019-01-28 05:21:27', '2019-01-28 05:21:27'),
(283, 'DARRANG', 0, '2019-01-28 05:21:27', '2019-01-28 05:21:27'),
(284, 'DHEMAJI', 0, '2019-01-28 05:21:27', '2019-01-28 05:21:27'),
(285, 'DHUBRI', 0, '2019-01-28 05:21:27', '2019-01-28 05:21:27'),
(286, 'DIBRUGARH', 0, '2019-01-28 05:21:27', '2019-01-28 05:21:27'),
(287, 'GOALPARA', 0, '2019-01-28 05:21:27', '2019-01-28 05:21:27'),
(288, 'GOLAGHAT', 0, '2019-01-28 05:21:27', '2019-01-28 05:21:27'),
(289, 'HAILAKANDI', 0, '2019-01-28 05:21:27', '2019-01-28 05:21:27'),
(290, 'JORHAT', 0, '2019-01-28 05:21:27', '2019-01-28 05:21:27'),
(291, 'KAMRUP', 0, '2019-01-28 05:21:27', '2019-01-28 05:21:27'),
(292, 'KARBI ANGLONG', 1, '2020-06-16 10:55:02', '2019-01-28 05:21:27'),
(293, 'KARIMGANJ', 0, '2019-01-28 05:21:27', '2019-01-28 05:21:27'),
(294, 'KOKRAJHAR', 1, '2020-06-16 10:55:09', '2019-01-28 05:21:27'),
(295, 'LAKHIMPUR', 0, '2019-01-28 05:21:27', '2019-01-28 05:21:27'),
(296, 'MARIGAON', 0, '2019-01-28 05:21:27', '2019-01-28 05:21:27'),
(297, 'NAGAON', 0, '2019-01-28 05:21:27', '2019-01-28 05:21:27'),
(298, 'NALBARI', 0, '2019-01-28 05:21:27', '2019-01-28 05:21:27'),
(299, 'DIMA HASAO', 1, '2020-06-16 10:54:45', '2019-01-28 05:21:27'),
(300, 'SIVASAGAR', 0, '2019-01-28 05:21:27', '2019-01-28 05:21:27'),
(301, 'SONITPUR', 0, '2019-01-28 05:21:27', '2019-01-28 05:21:27'),
(302, 'TINSUKIA', 0, '2019-01-28 05:21:27', '2019-01-28 05:21:27'),
(612, 'CHIRANG', 1, '2020-06-16 10:54:32', '2019-01-28 05:21:27'),
(616, 'BAKSA', 1, '2020-06-16 10:54:21', '2019-01-28 05:21:27'),
(617, 'UDALGURI', 1, '2020-06-16 10:55:49', '2019-01-28 05:21:27'),
(618, 'KAMRUP METRO', 0, '2019-01-28 05:21:27', '2019-01-28 05:21:27'),
(705, 'BISWANATH', 0, '2019-03-09 06:29:49', '2019-01-28 05:21:27'),
(706, 'MAJULI', 0, '2019-01-28 05:21:27', '2019-01-28 05:21:27'),
(707, 'SOUTH SALMARA MANCACHAR', 0, '2019-01-28 05:21:27', '2019-01-28 05:21:27'),
(708, 'CHARAIDEO', 0, '2019-01-28 05:21:27', '2019-01-28 05:21:27'),
(709, 'HOJAI', 0, '2019-01-28 05:21:27', '2019-01-28 05:21:27'),
(710, 'WEST KARBI ANGLONG', 1, '2020-06-16 10:55:52', '2019-01-28 05:21:27'),
(999, 'STATE', 0, '2019-03-09 06:29:11', '0000-00-00 00:00:00');

-- --------------------------------------------------------

--
-- Table structure for table `document_saves`
--

CREATE TABLE `document_saves` (
  `id` int(11) NOT NULL,
  `user_id` int(11) NOT NULL,
  `job_post_id` int(11) NOT NULL,
  `document_name` varchar(60) NOT NULL,
  `document_file` text NOT NULL,
  `created_at` timestamp NOT NULL DEFAULT CURRENT_TIMESTAMP,
  `updated_at` timestamp NULL DEFAULT NULL
) ENGINE=InnoDB DEFAULT CHARSET=latin1;

--
-- Dumping data for table `document_saves`
--

INSERT INTO `document_saves` (`id`, `user_id`, `job_post_id`, `document_name`, `document_file`, `created_at`, `updated_at`) VALUES
(5, 49, 9, 'DEGREE_pass', '/uploads/DEGREE_pass/49_9_0jpg', '2020-09-24 00:50:22', '2020-09-24 00:50:22'),
(6, 49, 9, 'DEGREE_pass', '/uploads/DEGREE_pass/49_9_1jpg', '2020-09-24 00:50:22', '2020-09-24 00:50:22');

-- --------------------------------------------------------

--
-- Table structure for table `educational_qualifications`
--

CREATE TABLE `educational_qualifications` (
  `id` int(11) NOT NULL,
  `user_id` int(11) NOT NULL,
  `job_post_id` int(11) NOT NULL,
  `degree` varchar(100) NOT NULL,
  `college` varchar(100) NOT NULL,
  `university` varchar(100) NOT NULL,
  `year_of_passing` int(4) NOT NULL,
  `percentage` float NOT NULL,
  `created_at` timestamp NOT NULL DEFAULT CURRENT_TIMESTAMP,
  `updated_at` timestamp NULL DEFAULT NULL
) ENGINE=InnoDB DEFAULT CHARSET=latin1;

--
-- Dumping data for table `educational_qualifications`
--

INSERT INTO `educational_qualifications` (`id`, `user_id`, `job_post_id`, `degree`, `college`, `university`, `year_of_passing`, `percentage`, `created_at`, `updated_at`) VALUES
(25, 51, 11, 'HSLC', '7', 'y7', 7, 7, '2020-09-24 05:35:29', '2020-09-24 05:35:29'),
(26, 51, 11, 'HS', '7', '7', 7, 7, '2020-09-24 05:35:29', '2020-09-24 05:35:29'),
(27, 51, 11, 'Block Livelihood Expert(Agriculture & Allied)', '9', '9', 9, 9, '2020-09-24 05:35:29', '2020-09-24 05:35:29');

-- --------------------------------------------------------

--
-- Table structure for table `gram_panchyats`
--

CREATE TABLE `gram_panchyats` (
  `id` int(10) UNSIGNED NOT NULL COMMENT 'id of gram panchyat',
  `block_id` int(4) UNSIGNED NOT NULL COMMENT 'id of a block to which a gram panchyat belongs',
  `gram_panchyat_name` varchar(100) NOT NULL COMMENT 'name of a gram panchyat',
  `vcc` int(11) DEFAULT NULL
) ENGINE=InnoDB DEFAULT CHARSET=latin1;

--
-- Dumping data for table `gram_panchyats`
--

INSERT INTO `gram_panchyats` (`id`, `block_id`, `gram_panchyat_name`, `vcc`) VALUES
(105591, 2489, 'Bamunkuchi', NULL),
(105592, 2489, 'Barbang', NULL),
(105593, 2489, 'Barbhaluki Balipara', NULL),
(105594, 2491, 'Chauliabari', NULL),
(105595, 2489, 'Dubi', NULL),
(105596, 2489, 'Dumuria', NULL),
(105597, 2491, 'Geruapara', NULL),
(105598, 2491, 'Hathinapur', NULL),
(105599, 2489, 'Maguria', NULL),
(105600, 2489, 'Maripur Anandapur', NULL),
(105601, 2489, 'Nityananda Panbari', NULL),
(105602, 2489, 'Patacharkuchi', NULL),
(105603, 2489, 'Saderi', NULL),
(105604, 2491, 'Sarupeta', NULL),
(105605, 2489, 'Sathisamuka Majarkha', NULL),
(105606, 2491, 'Singimari', NULL),
(105607, 2489, 'Tihu-Dekhata', NULL),
(105608, 2490, 'Bagodi', NULL),
(105609, 2490, 'Bhella', NULL),
(105610, 2490, 'Keotkuchi', NULL),
(105611, 2490, 'Madhya Paka', NULL),
(105612, 2490, 'Nagaon', NULL),
(105613, 2490, 'Patbaushi', NULL),
(105614, 2490, 'Pub Paka', NULL),
(105615, 2490, 'Radhakuchi', NULL),
(105616, 2490, 'Sundaridia', NULL),
(105617, 2490, 'Uttar Paka', NULL),
(105618, 2490, 'Uttar Pub Paka', NULL),
(105619, 2491, 'Bahmura', NULL),
(105620, 2491, 'Dabaliapara', NULL),
(105621, 2491, 'Datirbori', NULL),
(105622, 2491, 'Galia', NULL),
(105623, 2491, 'Hazipara', NULL),
(105624, 2491, 'Kalbari', NULL),
(105625, 2491, 'Kumuliapara', NULL),
(105626, 2491, 'Mairamara', NULL),
(105627, 2491, 'Majgaon', NULL),
(105628, 2491, 'Niz  Bhawanipur', NULL),
(105629, 2491, 'Sukmanath', NULL),
(105630, 2492, 'Puthimari', NULL),
(105631, 2492, 'Nichuka', NULL),
(105632, 2492, 'Kalahbanga', NULL),
(105633, 2492, 'Meda', NULL),
(105634, 2492, 'Feurakhowa', NULL),
(105635, 2492, 'Madulijhar', NULL),
(105636, 2492, 'Suliakata', NULL),
(105637, 2492, 'Kamargaon', NULL),
(105638, 2493, 'Bahari', NULL),
(105639, 2493, 'Batgaon', NULL),
(105640, 2493, 'Haripur', NULL),
(105641, 2493, 'Kachumara', NULL),
(105642, 2493, 'Dakhin Godhani', NULL),
(105643, 2493, 'Mahchara', NULL),
(105644, 2493, 'Niz Chenga', NULL),
(105645, 2493, 'Chenga Musalmanpara', NULL),
(105646, 2493, 'Roumari Pathar', NULL),
(105647, 2494, 'Bagariguri', NULL),
(105648, 2494, 'Bilasipara', NULL),
(105649, 2494, 'Gobardhana', NULL),
(105650, 2494, 'Khairabari', NULL),
(105651, 2494, 'Paschim Howly', NULL),
(105652, 2494, 'Uttar Howly', NULL),
(105653, 2495, 'Pazarbhanga', NULL),
(105654, 2495, 'Dongra', NULL),
(105655, 2495, 'Guma', NULL),
(105656, 2495, 'Barbila', NULL),
(105657, 2495, 'Azad', NULL),
(105658, 2495, 'Bahari Reserve', NULL),
(105659, 2495, 'Kholabandha', NULL),
(105660, 2489, 'Baghmara', NULL),
(105661, 2489, 'Bandha Sidhani', NULL),
(105662, 2491, 'Dhumarpathar', NULL),
(105663, 2489, 'Manipur', NULL),
(105664, 2497, 'Baghbar', NULL),
(105665, 2497, 'Manikpur', NULL),
(105666, 2497, 'Ramapara', NULL),
(105667, 2497, 'Satra Kanara', NULL),
(105668, 2497, 'Agmandia-Jadavpur', NULL),
(105669, 2497, 'Mandia', NULL),
(105670, 2497, 'Chachra', NULL),
(105671, 2497, 'Dighirpam', NULL),
(105672, 2497, 'Bhatkuchi', NULL),
(105673, 2497, 'Bamun Dongra', NULL),
(105674, 2497, 'Alopati Majarchar', NULL),
(105675, 2497, 'Baghmara Char', NULL),
(105676, 2497, 'Chatala', NULL),
(105677, 2497, 'Dharmapur-Bhatnapait', NULL),
(105678, 2497, 'Gajia', NULL),
(105679, 2497, 'Gobindapur', NULL),
(105680, 2497, 'Janata', NULL),
(105681, 2497, 'Jania', NULL),
(105682, 2497, 'Joypur Sikartary', NULL),
(105683, 2497, 'Kadamtola', NULL),
(105684, 2497, 'Kadang', NULL),
(105685, 2497, 'Moinbori', NULL),
(105686, 2497, 'Sitoli', NULL),
(105687, 2497, 'Sonabori', NULL),
(105688, 2497, 'Sonapur Ruvi', NULL),
(105689, 2497, 'Tarakandi', NULL),
(105690, 2497, 'Uzirar Char', NULL),
(105691, 2498, 'Dakhin Betbari', NULL),
(105692, 2498, 'Dakhin Paka', NULL),
(105693, 2498, 'Dakhin Paschim Betba', NULL),
(105694, 2498, 'Dakhin Pub Paka', NULL),
(105695, 2498, 'Madhya Betbari', NULL),
(105696, 2498, 'Paschim Betbari', NULL),
(105697, 2498, 'Paschim Paka', NULL),
(105698, 2498, 'Pub Betbari', NULL),
(105699, 2498, 'Uttar Betbari', NULL),
(105700, 2498, 'Uttar Pub Betbari', NULL),
(105701, 2499, 'Haldia', NULL),
(105702, 2499, 'Guileza', NULL),
(105703, 2499, 'Lachanga', NULL),
(105704, 2499, 'Balaipathar', NULL),
(105705, 2499, 'Kalgachia', NULL),
(105706, 2499, 'Sawpur', NULL),
(105707, 2499, 'Tapeswara', NULL),
(105708, 2499, 'Titapani', NULL),
(105709, 2499, 'Bonghugi', NULL),
(105710, 2499, 'Isabpur', NULL),
(105711, 2499, 'Barvitha', NULL),
(105712, 2499, 'Chikni', NULL),
(105713, 2500, 'Uttar Pub Sarukhetri', NULL),
(105714, 2500, 'Pub Sarukhetri', NULL),
(105715, 2500, 'Dakhin Pub Sarukhetr', NULL),
(105716, 2500, 'Dakhin Paschim Saruk', NULL),
(105717, 2500, 'Madhya Sarukhetri', NULL),
(105718, 2500, 'Madhya Paschim Saruk', NULL),
(105719, 2500, 'Paschim Sarukhetri', NULL),
(105720, 2501, 'Balapara', NULL),
(105721, 2501, 'Boitamari', NULL),
(105722, 2501, 'Chalantapara', NULL),
(105723, 2501, 'Dhantola', NULL),
(105724, 2501, 'Ghilaguri', NULL),
(105725, 2501, 'Jogighopa', NULL),
(105726, 2501, 'Kabaitary', NULL),
(105727, 2501, 'Khagarpur', NULL),
(105728, 2501, 'Oudubi', NULL),
(105729, 2501, 'Pachim Majer Alga', NULL),
(105730, 2501, 'Pub Majer Alga', NULL),
(105731, 2501, 'Sankarghola', NULL),
(105732, 2501, 'South Boitamari', NULL),
(105733, 2503, 'Popragaon', NULL),
(105734, 2503, 'Atugaon', NULL),
(105735, 2503, 'Bamunitila', NULL),
(105736, 2503, 'Bidyapur', NULL),
(105737, 2503, 'Bongaigaon', NULL),
(105738, 2503, 'Chaprakata', NULL),
(105739, 2503, 'Chikibiki', NULL),
(105740, 2503, 'Chiponchila', NULL),
(105741, 2503, 'Chokapara', NULL),
(105742, 2503, 'Dangtol', NULL),
(105743, 2503, 'Dolaigaon', NULL),
(105744, 2503, 'Kakragaon', NULL),
(105745, 2503, 'Mulagaon', NULL),
(105746, 2503, 'North Boitamari', NULL),
(105747, 2503, 'Tilokgaon', NULL),
(105748, 2504, 'Alukhunda', NULL),
(105749, 2504, 'Baghmara Chowraguri', NULL),
(105750, 2504, 'Bashbari  Salbila', NULL),
(105751, 2504, 'Bhandara', NULL),
(105752, 2504, 'Dangaigaon', NULL),
(105753, 2504, 'Goraimari', NULL),
(105754, 2504, 'Hapachara', NULL),
(105755, 2504, 'Manikpur', NULL),
(105756, 2504, 'Jhawbari', NULL),
(105757, 2504, 'Nowapara', NULL),
(105758, 2504, 'Palengbari', NULL),
(105759, 2504, 'Patiladoha', NULL),
(105760, 2503, 'Dhaligaon', NULL),
(105761, 2506, 'Ambari Baregarh', NULL),
(105762, 2506, 'Balarchar Matraghola', NULL),
(105763, 2506, 'Chakrabhum', NULL),
(105764, 2506, 'Deohati', NULL),
(105765, 2506, 'Golapara   Banglapar', NULL),
(105766, 2506, 'Jopea', NULL),
(105767, 2506, 'Kacharipeti', NULL),
(105768, 2506, 'Kakoijana', NULL),
(105769, 2506, 'Kirtanpara', NULL),
(105770, 2506, 'Kokila', NULL),
(105771, 2506, 'North Salmara', NULL),
(105772, 2506, 'Numberpara Chakla', NULL),
(105773, 2506, 'Srijangram', NULL),
(105774, 2507, 'Borigaon', NULL),
(105775, 2507, 'Borjana', NULL),
(105776, 2507, 'Kalbari', NULL),
(105777, 2507, 'Lengtisinga', NULL),
(105778, 2507, 'Malegarh', NULL),
(105779, 2507, 'Mererchar', NULL),
(105780, 2507, 'Nasatra  Baghekhaiti', NULL),
(105781, 2507, 'Pachania Khoragaon', NULL),
(105782, 2507, 'Piradhora', NULL),
(105783, 2507, 'Rangapani', NULL),
(105784, 2507, 'Santoshpur Dumerguri', NULL),
(105785, 2508, 'Badri - Chandrapur', NULL),
(105786, 2508, 'Badripar', NULL),
(105787, 2508, 'Banskandi', NULL),
(105788, 2508, 'Dolugram', NULL),
(105789, 2508, 'Dungripar', NULL),
(105790, 2508, 'Gobindapur  Algapur', NULL),
(105791, 2508, 'Pallorbond', NULL),
(105792, 2508, 'Tarapur Manipur', NULL),
(105793, 2509, 'Bagbahar', NULL),
(105794, 2509, 'Borjalenga', NULL),
(105795, 2509, 'Borakhai', NULL),
(105796, 2509, 'Dwarbond', NULL),
(105797, 2509, 'Ghungoor', NULL),
(105798, 2509, 'Irongmara', NULL),
(105799, 2509, 'Loharbond', NULL),
(105800, 2509, 'Nayabill', NULL),
(105801, 2509, 'Silcoorie', NULL),
(105802, 2509, 'Tarutajbari', NULL),
(105803, 2510, 'Binnakandi', NULL),
(105804, 2510, 'Binnakandi Bagan', NULL),
(105805, 2510, 'Boali Chengjur', NULL),
(105806, 2510, 'Chotomamda', NULL),
(105807, 2510, 'Dilkush', NULL),
(105808, 2510, 'Kaptanpur', NULL),
(105809, 2510, 'Pabda', NULL),
(105810, 2510, 'Rupaibali', NULL),
(105811, 2510, 'Singerbond', NULL),
(105812, 2511, 'Badarpur Masimpur', NULL),
(105813, 2511, 'Borkhola', NULL),
(105814, 2511, 'Boro Rampur', NULL),
(105815, 2511, 'Chandranathpur', NULL),
(105816, 2511, 'Chesri', NULL),
(105817, 2511, 'Choto Dudhpatil', NULL),
(105818, 2511, 'Daloo', NULL),
(105819, 2511, 'Dudhpatil', NULL),
(105820, 2511, 'Haticherra', NULL),
(105821, 2511, 'Jarailtola', NULL),
(105822, 2511, 'Machughat', NULL),
(105823, 2511, 'Sonapur', NULL),
(105824, 2511, 'Subong', NULL),
(105825, 2512, 'Bihara', NULL),
(105826, 2512, 'Bhairabpur', NULL),
(105827, 2512, 'Burunga', NULL),
(105828, 2512, 'Gorervitor', NULL),
(105829, 2512, 'Gumrah', NULL),
(105830, 2512, 'Jalalpur', NULL),
(105831, 2512, 'Kalain', NULL),
(105832, 2512, 'Kalibari', NULL),
(105833, 2512, 'Khelma', NULL),
(105834, 2512, 'Kurkuri', NULL),
(105835, 2512, 'Kushiarkul', NULL),
(105836, 2512, 'Lakhipur', NULL),
(105837, 2512, 'Mahadevpur', NULL),
(105838, 2512, 'Paikan Digarkhal', NULL),
(105839, 2512, 'Sewti', NULL),
(105840, 2513, 'Dudhpur  Gonirgram', NULL),
(105841, 2513, 'Fulbari', NULL),
(105842, 2513, 'Gobindapur', NULL),
(105843, 2513, 'Harinagar', NULL),
(105844, 2513, 'Katigorah', NULL),
(105845, 2513, 'Katirail', NULL),
(105846, 2513, 'Leverputa', NULL),
(105847, 2513, 'Rajatila', NULL),
(105848, 2513, 'Siddheswar', NULL),
(105849, 2513, 'Tarinipur', NULL),
(105850, 2514, 'Dighli Bahadurpur', NULL),
(105851, 2514, 'Fulertal', NULL),
(105852, 2514, 'Jirighat', NULL),
(105853, 2514, 'Lakhinagar', NULL),
(105854, 2514, 'Lakhipur  Nayagram', NULL),
(105855, 2514, 'Pailapool', NULL),
(105856, 2514, 'Sribar', NULL),
(105857, 2515, 'Bhagabazar', NULL),
(105858, 2515, 'Chandpur', NULL),
(105859, 2515, 'Channighat', NULL),
(105860, 2515, 'Cleverhouse', NULL),
(105861, 2515, 'Derby', NULL),
(105862, 2515, 'Dholai', NULL),
(105863, 2515, 'Jamalpur', NULL),
(105864, 2515, 'Jibangram', NULL),
(105865, 2515, 'Kazidahar', NULL),
(105866, 2515, 'Nagdirgram', NULL),
(105867, 2515, 'Narsingpur', NULL),
(105868, 2515, 'Panibhora', NULL),
(105869, 2515, 'Puthikhal', NULL),
(105870, 2515, 'Rajnagar', NULL),
(105871, 2515, 'Saptagram', NULL),
(105872, 2515, 'Shewrartal', NULL),
(105873, 2516, 'Bhubandhar', NULL),
(105874, 2516, 'Bhubanhill', NULL),
(105875, 2516, 'Darmikhal', NULL),
(105876, 2516, 'Didarkush', NULL),
(105877, 2516, 'Ganganagar', NULL),
(105878, 2516, 'Mohankhal Rammanikpu', NULL),
(105879, 2516, 'Monierkhal', NULL),
(105880, 2516, 'Palonghat', NULL),
(105881, 2516, 'Rukni', NULL),
(105882, 2517, 'Baladhan Kanakpur', NULL),
(105883, 2517, 'Borthal Thailu', NULL),
(105884, 2517, 'Dewan', NULL),
(105885, 2517, 'Digli Lakhicherra', NULL),
(105886, 2517, 'Harinagar', NULL),
(105887, 2517, 'Joypur Kamranga', NULL),
(105888, 2517, 'Kanakpur Dalaicherra', NULL),
(105889, 2517, 'Laboc', NULL),
(105890, 2517, 'Joypur  Laingcherra', NULL),
(105891, 2517, 'Narainpur', NULL),
(105892, 2518, 'Barjatrapur', NULL),
(105893, 2518, 'Bhangarpar', NULL),
(105894, 2518, 'Buribail', NULL),
(105895, 2518, 'Krishnapur Bhairabna', NULL),
(105896, 2518, 'Kumarpara Niz-Joynag', NULL),
(105897, 2518, 'Rajnagar', NULL),
(105898, 2518, 'Salchapra', NULL),
(105899, 2518, 'Srikona', NULL),
(105900, 2519, 'Ambikapur', NULL),
(105901, 2519, 'Berenga', NULL),
(105902, 2519, 'Bagadahar Borjurai', NULL),
(105903, 2519, 'Bhajantipur', NULL),
(105904, 2519, 'Ghungoor', NULL),
(105905, 2519, 'Kanakpur', NULL),
(105906, 2519, 'Madhurbond', NULL),
(105907, 2519, 'Meherpur', NULL),
(105908, 2519, 'Neairgram Bagpur', NULL),
(105909, 2519, 'Ramnagar  Tarapur', NULL),
(105910, 2519, 'Tarapur', NULL),
(105911, 2519, 'Tupkhana', NULL),
(105912, 2520, 'Dakshin Krishnapur', NULL),
(105913, 2520, 'Dakshin Mohanpur', NULL),
(105914, 2520, 'Dakshin Saidpur', NULL),
(105915, 2520, 'Hatikhal', NULL),
(105916, 2520, 'Kachudaram', NULL),
(105917, 2520, 'Nutan Ramnagar', NULL),
(105918, 2520, 'Rangirghat', NULL),
(105919, 2520, 'Saidpur', NULL),
(105920, 2520, 'Satkarakandi', NULL),
(105921, 2520, 'Sildubi', NULL),
(105922, 2520, 'Sonabarighat', NULL),
(105923, 2520, 'Sonai', NULL),
(105924, 2520, 'Sundari', NULL),
(105925, 2520, 'Swadhin Bazar', NULL),
(105926, 2520, 'Uttar Krishnapur', NULL),
(105927, 2521, 'Barsangan', NULL),
(105928, 2521, 'Chencoorie', NULL),
(105929, 2521, 'Digar Srikona', NULL),
(105930, 2521, 'Indragorh', NULL),
(105931, 2521, 'Kathal', NULL),
(105932, 2521, 'Rosekandi', NULL),
(105933, 2521, 'Tapang', NULL),
(105934, 2522, 'Arkatipur', NULL),
(105935, 2522, 'Dayapur', NULL),
(105936, 2522, 'Gossaipur  Durganaga', NULL),
(105937, 2522, 'Kashipur', NULL),
(105938, 2522, 'Khaspur', NULL),
(105939, 2522, 'Khumba', NULL),
(105940, 2522, 'Larsing', NULL),
(105941, 2522, 'Madhura', NULL),
(105942, 2522, 'Mazargram', NULL),
(105943, 2522, 'Pangram', NULL),
(105944, 2522, 'Rongpur', NULL),
(105945, 2522, 'Salganga', NULL),
(105946, 2522, 'Tikalpar', NULL),
(105947, 2522, 'Udharbond', NULL),
(105948, 2523, 'Baligaon', NULL),
(105949, 2523, 'Barjhar', NULL),
(105950, 2523, 'Bechimari', NULL),
(105951, 2523, 'Chakarabasti', NULL),
(105952, 2523, 'Daipam', NULL),
(105953, 2523, 'Lalpool', NULL),
(105954, 2523, 'No. 5 Baruajhar', NULL),
(105955, 2527, 'Bahabari', NULL),
(105956, 2527, 'Bihudia', NULL),
(105957, 2527, 'Fakirpara', NULL),
(105958, 2527, 'Golondi', NULL),
(105959, 2527, 'Kalyan', NULL),
(105960, 2527, 'Arimari', NULL),
(105961, 2527, 'Koupati', NULL),
(105962, 2527, '1/ 2 Baruajhar', NULL),
(105963, 2527, 'Shyampur', NULL),
(105964, 2527, 'Silbori', NULL),
(105965, 2528, 'Bhurargarh', NULL),
(105966, 2528, 'Namkhola', NULL),
(105967, 2528, 'Panbari', NULL),
(105968, 2528, 'Borbagan', NULL),
(105969, 2528, 'Bherbheribil', NULL),
(105970, 2528, 'Lakhimpur', NULL),
(105971, 2528, 'Outola   (Pt.)', NULL),
(105972, 2528, 'Rajapukhuri', NULL),
(105974, 2528, 'Shyamtila', NULL),
(105975, 2528, 'Tengabari', NULL),
(105976, 2535, 'Aulachowka', NULL),
(105977, 2535, 'Chamuapara', NULL),
(105978, 2535, 'Chapai', NULL),
(105979, 2535, 'Dahi', NULL),
(105980, 2535, 'Jaljali', NULL),
(105981, 2535, 'Janaramchowka', NULL),
(105982, 2535, 'Nagarbahi', NULL),
(105983, 2535, 'Ramhari', NULL),
(105984, 2535, 'Rowmari', NULL),
(105985, 2535, 'Upahupara', NULL),
(105986, 2537, 'Abhaypukhuri', NULL),
(105987, 2537, 'Bandia', NULL),
(105988, 2537, 'Balabari', NULL),
(105989, 2537, 'Chowlkhowa', NULL),
(105990, 2537, 'Dhula', NULL),
(105991, 2537, 'Khataniapara', NULL),
(105992, 2537, 'Mowamari', NULL),
(105993, 2537, 'Ondolajhar', NULL),
(105994, 2537, 'Ozagaon', NULL),
(105995, 2537, 'Puthimari', NULL),
(105996, 2540, 'Barampur', NULL),
(105997, 2540, 'Bazanapathar', NULL),
(105998, 2540, 'Bonmaja', NULL),
(105999, 2540, 'Bordoulguri', NULL),
(106000, 2540, 'Burha', NULL),
(106001, 2540, 'Burhinagar', NULL),
(106002, 2540, 'Byaspara', NULL),
(106003, 2540, 'Chengeliajhar', NULL),
(106004, 2540, 'Deomornoi', NULL),
(106005, 2540, 'Devananda', NULL),
(106006, 2540, 'Dipila', NULL),
(106007, 2540, 'Dumunichowki', NULL),
(106008, 2540, 'Duni', NULL),
(106009, 2540, 'Ganeshkuwari', NULL),
(106010, 2540, 'Garukhuti', NULL),
(106011, 2540, 'Ghorabandha', NULL),
(106012, 2540, 'Hazarikapara', NULL),
(106013, 2540, 'Kurua', NULL),
(106014, 2540, 'Lokrai', NULL),
(106015, 2540, 'Maroi', NULL),
(106016, 2540, 'Patharighat', NULL),
(106017, 2540, 'Sanowa', NULL),
(106018, 2540, 'Sarabari', NULL),
(106019, 2540, 'Sipajhar', NULL),
(106020, 2540, 'Turai', NULL),
(106021, 2544, 'Akajan', NULL),
(106022, 2544, 'Amguri', NULL),
(106023, 2544, 'Betonipam', NULL),
(106024, 2544, 'Borlung', NULL),
(106025, 2544, 'Dimow', NULL),
(106026, 2544, 'Kulajan', NULL),
(106027, 2544, 'Madhaya Sissitangani', NULL),
(106028, 2544, 'Malinipur', NULL),
(106029, 2544, 'Muktiar', NULL),
(106030, 2544, 'Namani Sissitangani', NULL),
(106031, 2544, 'Nilakh', NULL),
(106032, 2544, 'Silapathar', NULL),
(106033, 2544, 'Silasuti', NULL),
(106034, 2544, 'Simenmukh', NULL),
(106035, 2544, 'Sripani', NULL),
(106036, 2544, 'Sissiborgaon', NULL),
(106037, 2544, 'Ujani Sissitangani', NULL),
(106038, 2545, 'Bhebeli', NULL),
(106039, 2545, 'Borbam', NULL),
(106040, 2545, 'Bordoloni', NULL),
(106041, 2545, 'Gogamukh', NULL),
(106042, 2545, 'Joyrampur', NULL),
(106043, 2545, 'Kachutali', NULL),
(106044, 2545, 'Latak', NULL),
(106045, 2545, 'Madhya Mingmang', NULL),
(106046, 2545, 'Michamari', NULL),
(106047, 2545, 'Mingmang', NULL),
(106048, 2545, 'Naharbari', NULL),
(106049, 2545, 'Nalbari', NULL),
(106050, 2545, 'Ukhamati', NULL),
(106051, 2546, 'Ajuha', NULL),
(106052, 2546, 'Aradhal', NULL),
(106053, 2546, 'Batgharia', NULL),
(106054, 2546, 'Bishnupur', NULL),
(106055, 2546, 'Chamarajan', NULL),
(106056, 2546, 'Dakhin Dhemaji', NULL),
(106057, 2546, 'Ghuguha', NULL),
(106058, 2546, 'Gohaingaon', NULL),
(106059, 2546, 'Hatigarh', NULL),
(106060, 2546, 'Jiadhal', NULL),
(106061, 2546, 'Khubulia', NULL),
(106062, 2546, 'Lakhi Pathar', NULL),
(106063, 2546, 'Moridhal', NULL),
(106064, 2546, 'Naruathan', NULL),
(106065, 2546, 'Uttar Dhemaji', NULL),
(106066, 2547, 'Begenagarah', NULL),
(106067, 2547, 'Jorkata', NULL),
(106068, 2547, 'Machkhowa', NULL),
(106069, 2547, 'Pub-Machkhowa', NULL),
(106070, 2547, 'Sissimukh', NULL),
(106071, 2548, 'Bahir Jonai', NULL),
(106072, 2548, 'Sille', NULL),
(106073, 2548, 'Dekapam', NULL),
(106074, 2548, 'Galisikari', NULL),
(106075, 2548, 'Jonai', NULL),
(106076, 2548, 'Kemi Jelem', NULL),
(106077, 2548, 'Laimekuri', NULL),
(106078, 2548, 'Missamora', NULL),
(106079, 2548, 'Rajakhana', NULL),
(106080, 2548, 'Ramdhan Dikhari', NULL),
(106081, 2548, 'Rayong Bijoypur', NULL),
(106082, 2548, 'Siga', NULL),
(106083, 2548, 'Simen Chapori', NULL),
(106084, 2548, 'Somkong', NULL),
(106085, 2548, 'Telem', NULL),
(106086, 2549, 'Agomani', NULL),
(106087, 2549, 'Bhamundanga', NULL),
(106088, 2549, 'Bidyardabri', NULL),
(106089, 2549, 'Chagolia', NULL),
(106090, 2549, 'Halakura', NULL),
(106091, 2549, 'Kaimari', NULL),
(106092, 2549, 'Pokalagi', NULL),
(106093, 2549, 'Ranpagli', NULL),
(106094, 2549, 'Satrasal', NULL),
(106095, 2549, 'Shernagar', NULL),
(106096, 2549, 'Sindurai', NULL),
(106097, 2549, 'Sonakhuli', NULL),
(106098, 2550, 'Anandanagar Bangalip', NULL),
(106099, 2550, 'Baghmari', NULL),
(106100, 2550, 'Bahirsuapata', NULL),
(106101, 2550, 'Futkibari', NULL),
(106102, 2550, 'Hakama', NULL),
(106103, 2550, 'Hatipota', NULL),
(106104, 2550, 'Lakhiganj', NULL),
(106105, 2550, 'Masaneralga', NULL),
(106106, 2550, 'Raniganj', NULL),
(106107, 2550, 'Udmari', NULL),
(106108, 2551, 'Bahir Salmara', NULL),
(106109, 2551, 'Bandihana', NULL),
(106110, 2551, 'Birsing', NULL),
(106111, 2551, 'Boyzeralga', NULL),
(106112, 2551, 'Chalakura', NULL),
(106113, 2551, 'Fulkakata', NULL),
(106114, 2551, 'Phulkatari', NULL),
(106115, 2551, 'Gossaidubi Tindubi', NULL),
(106116, 2551, 'Jaruarchar', NULL),
(106117, 2551, 'Majerchar Chalakura', NULL),
(106118, 2551, 'Mohorirchar', NULL),
(106119, 2551, 'Muthakhowa', NULL),
(106120, 2551, 'Nilokhia', NULL),
(106121, 2551, 'Padmeralga', NULL),
(106122, 2551, 'Porarchar', NULL),
(106123, 2552, 'Bahalpur', NULL),
(106124, 2552, 'Barunitara Botordol', NULL),
(106125, 2552, 'Tilapara', NULL),
(106126, 2552, 'Chirakuta', NULL),
(106127, 2552, 'Dhirerchar Tarangapu', NULL),
(106128, 2552, 'Falimari Krishnakali', NULL),
(106129, 2552, 'Geravita', NULL),
(106130, 2552, 'Hatipota', NULL),
(106131, 2552, 'Pukhuripara', NULL),
(106132, 2552, 'Puthimari', NULL),
(106133, 2552, 'Rangamati', NULL),
(106134, 2552, 'Salkocha', NULL),
(106135, 2553, 'Alomganj', NULL),
(106136, 2553, 'Asharikandi', NULL),
(106137, 2553, 'Boraibari', NULL),
(106138, 2553, 'Dakhin Geramari', NULL),
(106139, 2553, 'Silairpar', NULL),
(106140, 2553, 'Uttar Geramari', NULL),
(106141, 2554, 'Bhurakata', NULL),
(106142, 2554, 'Borairalga', NULL),
(106143, 2554, 'Fekamari', NULL),
(106144, 2554, 'Fulerchar', NULL),
(106145, 2554, 'Gotabari Khopati', NULL),
(106146, 2554, 'Kanaimara', NULL),
(106147, 2554, 'Kathalbari', NULL),
(106148, 2554, 'Kukurmara', NULL),
(106149, 2554, 'Maliralga', NULL),
(106150, 2554, 'Manullahpara', NULL),
(106151, 2554, 'Molakhowa', NULL),
(106152, 2554, 'Puran Diara', NULL),
(106153, 2554, 'Sukchar', NULL),
(106154, 2555, 'Adabari', NULL),
(106155, 2555, 'Bhasanirchar', NULL),
(106156, 2555, 'Bhogdahar', NULL),
(106157, 2555, 'Binnachara', NULL),
(106158, 2555, 'Dharmasala', NULL),
(106159, 2555, 'Durahati', NULL),
(106160, 2555, 'Falimari', NULL),
(106161, 2555, 'Gaspara', NULL),
(106162, 2555, 'Hawrarpar', NULL),
(106163, 2555, 'Jhagrarpar', NULL),
(106164, 2555, 'Kacharihat', NULL),
(106165, 2555, 'Kalarhat', NULL),
(106166, 2555, 'Madhusoulmari Tiyama', NULL),
(106167, 2555, 'Matirchar', NULL),
(106168, 2555, 'Patamari', NULL),
(106169, 2556, 'Barundanga', NULL),
(106170, 2556, 'Bishkhowa', NULL),
(106171, 2556, 'Bisondoi', NULL),
(106172, 2556, 'Golakganj', NULL),
(106173, 2556, 'Harirhat', NULL),
(106174, 2556, 'Kachokhana', NULL),
(106175, 2556, 'Kumarganj', NULL),
(106176, 2556, 'Lakhimari', NULL),
(106177, 2556, 'Paglahat', NULL),
(106178, 2556, 'Uttar Moragodadhar', NULL),
(106179, 2557, 'Airkata', NULL),
(106180, 2557, 'Beldubi', NULL),
(106181, 2557, 'Chirakuti', NULL),
(106182, 2557, 'Dingdinga Paroa', NULL),
(106183, 2557, 'Jamadarhat', NULL),
(106184, 2557, 'Medortari', NULL),
(106185, 2557, 'Nichinpur', NULL),
(106186, 2557, 'Sundarpara', NULL),
(106187, 2557, 'Tarangajhar', NULL),
(106188, 2558, 'Barkanda', NULL),
(106189, 2558, 'Gobardhanpara', NULL),
(106190, 2558, 'Kadomtola', NULL),
(106191, 2558, 'Panbari', NULL),
(106192, 2558, 'Sadhubhasha', NULL),
(106193, 2558, 'Saltari', NULL),
(106194, 2558, 'Sonamoyee', NULL),
(106195, 2558, 'Tushpara', NULL),
(106196, 2559, 'Baghapara', NULL),
(106197, 2559, 'Bengervita', NULL),
(106198, 2559, 'Dhanua', NULL),
(106199, 2559, 'Jhagrarchar', NULL),
(106200, 2559, 'Jhalorchar Nayagaon', NULL),
(106201, 2559, 'Jhawdanga', NULL),
(106202, 2559, 'Kakripara', NULL),
(106203, 2559, 'Kalapani', NULL),
(106204, 2559, 'Kuchnimara Jordanga', NULL),
(106205, 2559, 'Mankachar Bazar', NULL),
(106206, 2559, 'Mankachar East', NULL),
(106207, 2559, 'Mankachar West', NULL),
(106208, 2559, 'Pankata', NULL),
(106209, 2559, 'Pathuria', NULL),
(106210, 2559, 'Thakuranbari', NULL),
(106211, 2560, 'Kazaikata', NULL),
(106212, 2560, 'Kazaikata Suapata', NULL),
(106213, 2560, 'Mayerchar', NULL),
(106214, 2560, 'Nayeralga', NULL),
(106215, 2560, 'Sagunmari', NULL),
(106216, 2561, 'Balajan', NULL),
(106217, 2561, 'Berbhangi', NULL),
(106218, 2561, 'Chapgarh', NULL),
(106219, 2561, 'Dhepdhepi', NULL),
(106220, 2561, 'Dumardaha', NULL),
(106221, 2561, 'Gaikhowa', NULL),
(106222, 2561, 'Madhusoulmari', NULL),
(106223, 2561, 'Moterjhar', NULL),
(106224, 2561, 'Nalia', NULL),
(106225, 2561, 'Rupshi', NULL),
(106226, 2561, 'Sahebganj', NULL),
(106227, 2562, 'Baladoba', NULL),
(106228, 2562, 'Bauskata', NULL),
(106229, 2562, 'Dakhin Salmara', NULL),
(106230, 2562, 'Fakirganj', NULL),
(106231, 2562, 'Hamidabad', NULL),
(106232, 2562, 'Manirchar', NULL),
(106233, 2562, 'Naskara', NULL),
(106234, 2562, 'Pampara Chotlarpar', NULL),
(106235, 2562, 'Patakata', NULL),
(106236, 2562, 'Ravatari', NULL),
(106237, 2562, 'Sebaltari', NULL),
(106238, 2562, 'Salkata', NULL),
(106239, 2562, 'Tumni', NULL),
(106240, 2563, 'Barbaruah', NULL),
(106241, 2563, 'Bogibil', NULL),
(106242, 2563, 'Borpather', NULL),
(106243, 2563, 'Chiring Dainijan', NULL),
(106244, 2563, 'Dulia Kakoti', NULL),
(106245, 2563, 'Garudhoria', NULL),
(106246, 2563, 'Jokai', NULL),
(106247, 2563, 'Kalakhowa', NULL),
(106248, 2563, 'Khanikar', NULL),
(106249, 2563, 'Kutuha', NULL),
(106250, 2563, 'Lezai', NULL),
(106251, 2563, 'Niz Mancotta', NULL),
(106252, 2563, 'Rajabhetta', NULL),
(106253, 2564, 'Amguri', NULL),
(106254, 2564, 'Balimara', NULL),
(106255, 2564, 'Borbam', NULL),
(106256, 2564, 'Dhamdumia', NULL),
(106257, 2564, 'Dighalia', NULL),
(106258, 2564, 'Ghinai', NULL),
(106259, 2564, 'Joypur', NULL),
(106260, 2564, 'Kacharipathar', NULL),
(106261, 2564, 'Kenduguri', NULL),
(106262, 2564, 'Merbil', NULL),
(106263, 2564, 'Namrup', NULL),
(106264, 2564, 'Nigam', NULL),
(106265, 2564, 'Santipur', NULL),
(106266, 2564, 'Tipam Fakial', NULL),
(106267, 2565, 'Bamunbari', NULL),
(106268, 2565, 'Dhemechi', NULL),
(106269, 2565, 'Gajpuria', NULL),
(106270, 2565, 'Haladhibari', NULL),
(106271, 2565, 'Khowang', NULL),
(106272, 2565, 'Khowang Kalalowa', NULL),
(106273, 2565, 'Lengeri', NULL),
(106274, 2565, 'Dikhari Moran', NULL),
(106275, 2565, 'Naharani', NULL),
(106276, 2565, 'Nakhat', NULL),
(106277, 2565, 'Pathalibam', NULL),
(106278, 2565, 'Rangshali', NULL),
(106279, 2565, 'Sepon', NULL),
(106280, 2565, 'Tiloinagar', NULL),
(106281, 2565, 'Tinthengia', NULL),
(106282, 2566, 'Bokul', NULL),
(106283, 2566, 'Chiringholla', NULL),
(106284, 2566, 'Hiloidhari', NULL),
(106285, 2566, 'Ekoratoli', NULL),
(106286, 2566, 'Lahowal', NULL),
(106287, 2566, 'Maijan', NULL),
(106288, 2566, 'Moderkhat', NULL),
(106289, 2566, 'Mohanbari', NULL),
(106290, 2566, 'Niz-Kanai', NULL),
(106291, 2566, 'Phukanar Khat', NULL),
(106292, 2566, 'Rohmoria', NULL),
(106293, 2566, 'Romaigaon', NULL),
(106294, 2566, 'Timona', NULL),
(106295, 2567, 'Balijan', NULL),
(106296, 2567, 'Bindhakotta', NULL),
(106297, 2567, 'Chabua Pulunga', NULL),
(106298, 2567, 'Dikom', NULL),
(106299, 2567, 'Dinjoy', NULL),
(106300, 2567, 'Hatiali', NULL),
(106301, 2567, 'Jerai', NULL),
(106302, 2567, 'Lengrai', NULL),
(106303, 2567, 'Nadua', NULL),
(106304, 2567, 'Rongchungi', NULL),
(106305, 2568, 'Bakulani', NULL),
(106306, 2568, 'Bhadoi', NULL),
(106307, 2568, 'Dharia Dighalia', NULL),
(106308, 2568, 'Duliajan', NULL),
(106309, 2568, 'Gandhia Bhajani', NULL),
(106310, 2568, 'Kathalguri', NULL),
(106311, 2568, 'Kheremia', NULL),
(106312, 2568, 'Nakari Bhekulajan', NULL),
(106313, 2568, 'Nakhangia Hatibondha', NULL),
(106314, 2568, 'Nowhalia', NULL),
(106315, 2568, 'Rangagara', NULL),
(106316, 2568, 'Telpani Bamunikuria', NULL),
(106317, 2568, 'Tengakhat', NULL),
(106318, 2568, 'Tipling', NULL),
(106319, 2569, 'Borbam', NULL),
(106320, 2569, 'Chalmari', NULL),
(106321, 2569, 'Dhaman', NULL),
(106322, 2569, 'Dillibari', NULL),
(106323, 2569, 'Kekuri', NULL),
(106324, 2569, 'Kenduguri', NULL),
(106325, 2569, 'Konworigaon', NULL),
(106326, 2569, 'Mohmora Borpather', NULL),
(106327, 2569, 'Nachani', NULL),
(106328, 2569, 'Ouphulia', NULL),
(106329, 2569, 'Pithaguti', NULL),
(106330, 2569, 'Rajgarh', NULL),
(106331, 2569, 'Sologuri Tipomia', NULL),
(106332, 2569, 'Tingkhong', NULL),
(106333, 2570, 'Agia', NULL),
(106334, 2570, 'Badahapur', NULL),
(106335, 2570, 'Baladmari', NULL),
(106336, 2570, 'Balijana', NULL),
(106337, 2570, 'Bardamal', NULL),
(106338, 2570, 'Dariduri', NULL),
(106339, 2570, 'Dwarka', NULL),
(106340, 2570, 'Kalpani Chandamari', NULL),
(106341, 2570, 'Kalyanpur', NULL),
(106342, 2570, 'Kumri', NULL),
(106343, 2571, 'Gaurnagar', NULL),
(106344, 2571, 'Gosaidubi', NULL),
(106345, 2571, 'Guriadhap', NULL),
(106346, 2571, 'Haguripara', NULL),
(106347, 2571, 'Hasdoba', NULL),
(106348, 2571, 'Jaleswar', NULL),
(106349, 2571, 'Katarihara', NULL),
(106350, 2571, 'Kathuri', NULL),
(106351, 2571, 'Khalisavita', NULL),
(106352, 2571, 'Monakola Saildhowa', NULL),
(106353, 2571, 'Rajmita', NULL),
(106354, 2571, 'Simlabari', NULL),
(106355, 2571, 'Takimari', NULL),
(106356, 2571, 'Tarangapur', NULL),
(106357, 2572, 'Ambari', NULL),
(106358, 2572, 'Baguan', NULL),
(106359, 2572, 'Bashbari', NULL),
(106360, 2572, 'Khankhowa Char', NULL),
(106361, 2572, 'Kharmuza', NULL),
(106362, 2572, 'Markula', NULL),
(106363, 2572, 'Nolonga', NULL),
(106364, 2572, 'Ramharirchar', NULL),
(106365, 2572, 'Rowmari', NULL),
(106366, 2573, 'Dhaigaon', NULL),
(106367, 2573, 'Dirmajjakhili Salpar', NULL),
(106368, 2573, 'Fofonga', NULL),
(106369, 2573, 'Krishnai', NULL),
(106370, 2573, 'Malandubi', NULL),
(106371, 2573, 'Manikpur Bhelakhamar', NULL),
(106372, 2573, 'Meshelkhowa', NULL),
(106373, 2573, 'Tukura Barmohora', NULL),
(106374, 2573, 'Zira', NULL),
(106375, 2574, 'Baguan Kathalbari', NULL),
(106376, 2574, 'Damra', NULL),
(106377, 2574, 'Darangiri', NULL),
(106378, 2574, 'Dudhnoi', NULL),
(106379, 2574, 'Kuchdhowa', NULL),
(106380, 2574, 'Lela', NULL),
(106381, 2574, 'Maj Jakhili', NULL),
(106382, 2574, 'Puranivita', NULL),
(106383, 2575, 'Aolatoli', NULL),
(106384, 2575, 'Bapurvita Jurigaon', NULL),
(106385, 2575, 'Chunari', NULL),
(106386, 2575, 'Dadan', NULL),
(106387, 2575, 'Dhamar', NULL),
(106388, 2575, 'Faringapara', NULL),
(106389, 2575, 'Joyramkuchi', NULL),
(106390, 2575, 'Khalshabhanga', NULL),
(106391, 2575, 'Pukhuripara', NULL),
(106392, 2575, 'Rowkhowa', NULL),
(106393, 2575, 'Saktola', NULL),
(106394, 2576, 'Bakaitari', NULL),
(106395, 2576, 'Baladmari Char', NULL),
(106396, 2576, 'Buduchar', NULL),
(106397, 2576, 'Dolgoma', NULL),
(106398, 2576, 'Harimura', NULL),
(106399, 2576, 'Karipara', NULL),
(106400, 2576, 'Matia', NULL),
(106401, 2576, 'Mornoi', NULL),
(106402, 2576, 'Nabagota Simlitola', NULL),
(106403, 2576, 'Sidhabari', NULL),
(106404, 2576, 'Srisuryagiri', NULL),
(106405, 2577, 'Ambari', NULL),
(106406, 2577, 'Dhanubhanga', NULL),
(106407, 2577, 'Dhupdhara', NULL),
(106408, 2577, 'Kahibari', NULL),
(106409, 2577, 'Kathakuthi', NULL),
(106410, 2577, 'Khutabari', NULL),
(106411, 2577, 'Rangjuli', NULL),
(106412, 2577, 'Simlitola', NULL),
(106413, 2577, 'Tiplai', NULL),
(106414, 2578, 'Betioni', NULL),
(106415, 2578, 'Dhekial', NULL),
(106416, 2578, 'Habichowa', NULL),
(106417, 2578, 'Hawtoli', NULL),
(106418, 2578, 'Kacaupather', NULL),
(106419, 2578, 'Kathalguri', NULL),
(106420, 2578, 'Khumtai', NULL),
(106421, 2578, 'Dakhin Dakhin Henger', NULL),
(106422, 2578, 'Dakhin Gurjogania', NULL),
(106423, 2578, 'Sensuwa', NULL),
(106424, 2578, 'Uttar Dakhin Hengra', NULL),
(106425, 2578, 'Uttar Gurujogonia', NULL),
(106426, 2578, 'Uttar Kamarbandha', NULL),
(106427, 2579, 'Athgaon', NULL),
(106428, 2579, 'Athkhelia', NULL),
(106429, 2579, 'Balijan', NULL),
(106430, 2579, 'Bengenakhowa', NULL),
(106431, 2579, 'Furkating', NULL),
(106432, 2579, 'Ghiladhari', NULL),
(106433, 2579, 'Golaghat', NULL),
(106434, 2579, 'Jamuguri', NULL),
(106435, 2579, 'Kaliapani', NULL),
(106436, 2579, 'Kamarbandha', NULL),
(106437, 2579, 'Markong', NULL),
(106438, 2579, 'Matikhola', NULL),
(106439, 2579, 'Oating', NULL),
(106440, 2579, 'Pulibor', NULL),
(106441, 2580, 'Madhya Brahmaputra', NULL),
(106442, 2580, 'Madhya Misamora', NULL),
(106443, 2580, 'Pachim Brahmaputra', NULL),
(106444, 2580, 'Pachim Misamora', NULL),
(106445, 2580, 'Pub Misamora', NULL),
(106446, 2581, 'Chungajan', NULL),
(106447, 2581, 'Chungajan Majgaon', NULL),
(106448, 2581, 'Chungajan Mikir Vill', NULL),
(106449, 2581, 'Gelabil', NULL),
(106450, 2581, 'Gondhkoroi', NULL),
(106451, 2581, 'Halodhibari Lachit G', NULL),
(106452, 2581, 'Koroighat', NULL),
(106453, 2581, 'Madhyampur', NULL),
(106454, 2581, 'Panjan', NULL),
(106455, 2581, 'Paschim Borpathar', NULL),
(106456, 2581, 'Paschim Naojan', NULL),
(106457, 2581, 'Paschim Sarupathar', NULL),
(106458, 2581, 'Premhora', NULL),
(106459, 2581, 'Pub Borpathar', NULL),
(106460, 2581, 'Pub Naojan', NULL),
(106461, 2581, 'Pub Sarupathar', NULL),
(106462, 2581, 'Rajapukhuri', NULL),
(106463, 2581, 'Ratanpur', NULL),
(106464, 2581, 'Silonijan', NULL),
(106465, 2581, 'Tengahola', NULL),
(106466, 2581, 'Tengani', NULL),
(106467, 2582, 'Badulipar', NULL),
(106468, 2582, 'Behora', NULL),
(106469, 2582, 'Bokakhat', NULL),
(106470, 2582, 'Dakhin Kaziranga', NULL),
(106471, 2582, 'Desoi', NULL),
(106472, 2582, 'Dusutimukh', NULL),
(106473, 2582, 'Gulung Temera', NULL),
(106474, 2582, 'Kuruabahi', NULL),
(106475, 2582, 'Madhya Kaziranga', NULL),
(106476, 2582, 'Madhya Mahura', NULL),
(106477, 2582, 'Mahmaiki Bokakhat', NULL),
(106478, 2582, 'Mari Dhansiri', NULL),
(106479, 2582, 'Numaligarh', NULL),
(106480, 2582, 'Paschim Kaziranga', NULL),
(106481, 2582, 'Pub Mahura', NULL),
(106482, 2582, 'Pub-Kaziranga', NULL),
(106483, 2582, 'Rajabari', NULL),
(106484, 2582, 'Rongamati Koibarta', NULL),
(106485, 2582, 'Uttar Mahura', NULL),
(106486, 2582, 'Uttar-Pub Kaziranga', NULL),
(106487, 2583, 'Adarsha Gomariguri', NULL),
(106488, 2583, 'Arunachal', NULL),
(106489, 2583, 'Chowdung Pather', NULL),
(106490, 2583, 'Doyang', NULL),
(106491, 2583, 'Kachamari', NULL),
(106492, 2583, 'Merapani', NULL),
(106493, 2583, 'Ratanpur', NULL),
(106494, 2583, 'Sarupani', NULL),
(106495, 2583, 'Simanta', NULL),
(106496, 2583, 'Sisupani', NULL),
(106497, 2583, 'Tarani', NULL),
(106498, 2584, 'Baruabamungaon', NULL),
(106499, 2584, 'Dakhin Pub-Kakodonga', NULL),
(106500, 2584, 'Dergaon', NULL),
(106501, 2584, 'Negheriting', NULL),
(106502, 2584, 'Pub-Brahamputra', NULL),
(106503, 2584, 'Sitalpathar', NULL),
(106504, 2584, 'Uttar Pachim Kakodon', NULL),
(106505, 2585, 'Doigrung', NULL),
(106506, 2585, 'Letekujan', NULL),
(106507, 2585, 'Morongi', NULL),
(106508, 2585, 'Murphulani', NULL),
(106509, 2585, 'Panka', NULL),
(106510, 2585, 'Fallangani', NULL),
(106511, 2585, 'Phulbari', NULL),
(106512, 2585, 'Pub Marangi', NULL),
(106513, 2585, 'Rong Bong', NULL),
(106514, 2585, 'Rongajan', NULL),
(106515, 2585, 'Rongdoi', NULL),
(106516, 2586, 'Algapur', NULL),
(106517, 2586, 'Bakrihawar', NULL),
(106518, 2586, 'Bashbari', NULL),
(106519, 2586, 'Chandipur', NULL),
(106520, 2586, 'Chiparsangan', NULL),
(106521, 2586, 'Kalinagar', NULL),
(106522, 2586, 'Mohanpur', NULL),
(106523, 2586, 'Mohanpur - Burnibrea', NULL),
(106524, 2586, 'North-Narainpur', NULL),
(106525, 2586, 'Panchgram', NULL),
(106526, 2586, 'Syedbond', NULL),
(106527, 2586, 'Uttar Kanchanpur', NULL),
(106528, 2586, 'West- Mohanpur', NULL),
(106529, 2587, 'Bahadurpur', NULL),
(106530, 2587, 'Bashdahar - Barhaila', NULL),
(106531, 2587, 'Bhatirkupa', NULL),
(106532, 2587, 'Boalipar', NULL),
(106533, 2587, 'Chandpur - Ujankupa', NULL),
(106534, 2587, 'Gangapar Dhumkar Lak', NULL),
(106535, 2587, 'Kanchanpur', NULL),
(106536, 2587, 'Matijuri - Paikan', NULL),
(106537, 2587, 'Narainpur - Topkhana', NULL),
(106538, 2587, 'Nitainagar', NULL),
(106539, 2587, 'Rangauti', NULL),
(106540, 2587, 'Ratanpur', NULL),
(106541, 2587, 'Serispur', NULL),
(106542, 2587, 'Sudarshanpur Bandukm', NULL),
(106543, 2588, 'Appin - Rongpur', NULL),
(106544, 2588, 'Dholai - Molai', NULL),
(106545, 2588, 'Dinanathpur', NULL),
(106546, 2588, 'Harishnagar', NULL),
(106547, 2588, 'Katlicherra', NULL),
(106548, 2588, 'Rangabak', NULL),
(106549, 2588, 'Sahabad', NULL),
(106550, 2588, 'Sonacherra - Rupache', NULL),
(106551, 2589, 'Aenakhal', NULL),
(106552, 2589, 'Borbond', NULL),
(106553, 2589, 'Bowerghat', NULL),
(106554, 2589, 'Chandrapur', NULL),
(106555, 2589, 'Dholcherra - Bilaipu', NULL),
(106556, 2589, 'Josnabad - Umednagar', NULL),
(106557, 2589, 'Koiya - Ramchandi', NULL),
(106558, 2589, 'Lalacherra - Bernerp', NULL),
(106559, 2589, 'Lalamukh', NULL),
(106560, 2589, 'Mahmadpur - Joykrish', NULL),
(106561, 2589, 'Monacherra', NULL),
(106562, 2589, 'Nimaichandpur', NULL),
(106563, 2589, 'Nischintapur', NULL),
(106564, 2589, 'Nizvernerpur - Sarba', NULL),
(106565, 2589, 'Purbakittarbond - Ra', NULL),
(106566, 2589, 'Rajyeswarpur', NULL),
(106567, 2589, 'Sudarshanpur - Kalac', NULL),
(106568, 2589, 'Tantoo - Dhanipur', NULL),
(106569, 2590, 'Baldabaldi - Nandagr', NULL),
(106570, 2590, 'Baruncherra - Kukich', NULL),
(106571, 2590, 'Dhariarghat - Karich', NULL),
(106572, 2590, 'Dholai Bagan', NULL),
(106573, 2590, 'Gharmura', NULL),
(106574, 2590, 'Jamira', NULL),
(106575, 2590, 'Killarbak-Jhalnacher', NULL),
(106576, 2590, 'Monipur - Niskar', NULL),
(106577, 2590, 'Paloicherra - Sultan', NULL),
(106578, 2591, 'Baghchung Charaibahi', NULL),
(106579, 2591, 'Chinnamora', NULL),
(106580, 2591, 'Dakhin Charaibahi', NULL),
(106581, 2591, 'Dakhin Katoni Bagich', NULL),
(106582, 2591, 'Dakhin Thengal Khong', NULL),
(106583, 2591, 'Dakhin Koronga', NULL),
(106584, 2591, 'Dakhinpub Namoni Cha', NULL),
(106585, 2591, 'Karanga', NULL),
(106586, 2591, 'Katoni', NULL),
(106587, 2591, 'Khongia', NULL),
(106588, 2591, 'Kushal Konwar', NULL),
(106589, 2591, 'Madhya Katoni Bagich', NULL),
(106590, 2591, 'Madhya Khongia', NULL),
(106591, 2591, 'Madhya Namoni Charai', NULL),
(106592, 2591, 'Madhya Thengal Khong', NULL),
(106593, 2591, 'Madhya Thengal', NULL),
(106594, 2591, 'Mariani Bagicha', NULL),
(106595, 2591, 'Mulagabhoru', NULL),
(106596, 2591, 'Panichokua', NULL),
(106597, 2591, 'Pachim Khongia', NULL),
(106598, 2591, 'Pachim Thengal', NULL),
(106599, 2591, 'Pub Thengal', NULL),
(106600, 2591, 'Uttar Garamur', NULL),
(106601, 2591, 'Uttar Garamur  Bagic', NULL),
(106602, 2591, 'Uttar Khongia', NULL),
(106603, 2591, 'Uttar Namoni Charaib', NULL),
(106604, 2591, 'Uttar Thengal Khongi', NULL),
(106605, 2592, 'Gohain Fesuwal', NULL),
(106606, 2592, 'Holongapar Bagan', NULL),
(106607, 2592, 'Jatakia', NULL),
(106608, 2592, 'Kakojan', NULL),
(106609, 2592, 'Madhya Chowkhat Hati', NULL),
(106610, 2592, 'Madhya Holongapar', NULL),
(106611, 2592, 'Meleng Balichapori', NULL),
(106612, 2592, 'Pachim Holongapar', NULL),
(106613, 2592, 'Pub Holongapar', NULL),
(106614, 2592, 'Rajoi Badulipukhuri', NULL),
(106615, 2593, 'Balijan', NULL),
(106616, 2593, 'Hemlai', NULL),
(106617, 2593, 'Kathalguri', NULL),
(106618, 2593, 'Lahing', NULL),
(106619, 2593, 'Madhya Nakachari', NULL),
(106620, 2593, 'Pub Lahing', NULL),
(106621, 2593, 'Pub Nakachari', NULL),
(106622, 2593, 'Seleng', NULL),
(106623, 2593, 'Uttar Pub Nakachari', NULL),
(106624, 2594, 'Bamunpukhuri', NULL),
(106625, 2594, 'Bhogamukh', NULL),
(106626, 2594, 'Boloma', NULL),
(106627, 2594, 'Chintamonigarh', NULL),
(106628, 2594, 'Gakhirkhowa', NULL),
(106629, 2594, 'Jhanjimukh', NULL),
(106630, 2594, 'Madhya Teok', NULL),
(106631, 2594, 'Pachim Teok', NULL),
(106632, 2594, 'Pub Teok', NULL),
(106633, 2594, 'Tamulichiga', NULL),
(106634, 2595, 'Ahotguri', NULL),
(106635, 2595, 'Bongaon', NULL),
(106636, 2595, 'Chilakola', NULL),
(106637, 2595, 'Dakhin Ahotguri', NULL),
(106638, 2595, 'Dakhin Kamalabari', NULL),
(106639, 2595, 'Dakhin Pat', NULL),
(106640, 2595, 'Garamur', NULL),
(106641, 2595, 'Kamalabari', NULL),
(106642, 2595, 'Karatipar', NULL),
(106643, 2595, 'Pokajora', NULL),
(106644, 2595, 'Rawnapar Chamaguri', NULL),
(106645, 2595, 'Sri Luit', NULL),
(106646, 2596, 'Baligaon', NULL),
(106647, 2596, 'Charingia', NULL),
(106648, 2596, 'Dakhin Parbatia', NULL),
(106649, 2596, 'Dhekorgorah', NULL),
(106650, 2596, 'Madhya Charigaon', NULL),
(106651, 2596, 'Madhya Sarucharai', NULL),
(106652, 2596, 'Madhya Parbatia', NULL),
(106653, 2596, 'Nowboisa', NULL),
(106654, 2596, 'Pachim Charigaon', NULL),
(106655, 2596, 'Pachim Sarucharai', NULL),
(106656, 2596, 'Potia Fokala', NULL),
(106657, 2596, 'Pub Charigaon', NULL),
(106658, 2596, 'Pub Sarucharai', NULL),
(106659, 2596, 'Rajahowli', NULL),
(106660, 2596, 'Uttar Baligaon Parba', NULL),
(106661, 2596, 'Uttar Parbatia Janaj', NULL),
(106662, 2596, 'Uttar Pachim Chariga', NULL),
(106663, 2596, 'Uttar Pub Charigaon', NULL),
(106664, 2597, 'Bebejia', NULL),
(106665, 2597, 'Bokaholla', NULL),
(106666, 2597, 'Birinasayek', NULL),
(106667, 2597, 'Borholla', NULL),
(106668, 2597, 'Charapani', NULL),
(106669, 2597, 'Ekorani', NULL),
(106670, 2597, 'Kachukhat', NULL),
(106671, 2597, 'Kokadonga Bekajan', NULL),
(106672, 2597, 'Madhapur', NULL),
(106673, 2597, 'Melamati', NULL),
(106674, 2597, 'Namchungi', NULL),
(106675, 2597, 'Raidangjuri', NULL),
(106676, 2597, 'Rajabahar', NULL),
(106677, 2597, 'Rongajan', NULL),
(106678, 2597, 'Tengajan', NULL),
(106679, 2597, 'Turung', NULL),
(106680, 2598, 'Jengrai', NULL),
(106681, 2598, 'Luit Poria', NULL),
(106682, 2598, 'Phuloni', NULL),
(106683, 2598, 'Ratanpur', NULL),
(106684, 2598, 'Rangachahi', NULL),
(106685, 2598, 'Ratanpur Gayan', NULL),
(106686, 2598, 'Cherpai', NULL),
(106687, 2598, 'Sriram', NULL),
(106688, 2599, 'Agdola', NULL),
(106689, 2599, 'Bezera (Borbongsar)', NULL),
(106690, 2599, 'Dhupartari', NULL),
(106691, 6561, 'Lachitgarh', NULL),
(106692, 2599, 'Mandakata', NULL),
(106693, 2599, 'Rudeswar', NULL),
(106694, 2599, 'Saraighat', NULL),
(106696, 2600, 'Bardangerikuchi', NULL),
(106697, 2600, 'Bihdia', NULL),
(106698, 2600, 'Biradutta', NULL),
(106699, 2600, 'Haradutta', NULL),
(106700, 2600, 'Jatia Bangara', NULL),
(106701, 2600, 'Kakara', NULL),
(106702, 2600, 'Loch', NULL),
(106703, 2600, 'Madhukuchi', NULL),
(106704, 2600, 'Muktapur', NULL),
(106705, 2600, 'Nagaon', NULL),
(106706, 2600, 'Singarpara', NULL),
(106707, 2600, 'Titkuchi', NULL),
(106708, 2601, '10 No. Dakhin Boko', NULL),
(106709, 2601, 'Uttar Boko', NULL),
(106710, 2601, 'Dakhin Paschim Boko', NULL),
(106711, 2601, 'Dakhin  Luki', NULL),
(106712, 2601, 'Pub Bekeli', NULL),
(106713, 2601, 'Uttar Bekeli', NULL),
(106714, 2601, 'Paschim Bekeli', NULL),
(106715, 2601, 'Pub Luki', NULL),
(106716, 2601, 'Dakhin Pub Luki', NULL),
(106717, 2601, 'Dakhin Paschim Luki', NULL),
(106718, 2601, 'Dakhin Pub Boko', NULL),
(106719, 2602, 'Dakhin Bongaon', NULL),
(106720, 2602, 'Uttar Dakhin Bongaon', NULL),
(106721, 2602, 'Uttar Paschim Bongao', NULL),
(106722, 2602, 'Uttar Pub Bongaon', NULL),
(106723, 2603, 'Bagariguri', NULL),
(106724, 2603, 'Bamunbori', NULL),
(106725, 2603, 'Barua  Gaon', NULL),
(106726, 2603, 'Bhakhuradia Rangeswa', NULL),
(106727, 2603, 'Chamaria', NULL),
(106728, 2603, 'Hekra Jogipara', NULL),
(106729, 2603, 'Jamlai Kalyan Pur', NULL),
(106730, 2603, 'Kismat Kathami', NULL),
(106731, 2603, 'Mahtoli', NULL),
(106732, 2603, 'Nagarbera', NULL),
(106733, 2603, 'Pijupara', NULL),
(106734, 2603, 'Rangapani', NULL),
(106735, 2603, 'Sontoli Chaudhuri Pa', NULL),
(106736, 2603, 'Trilochan', NULL),
(106737, 2603, 'Tupamari', NULL),
(106738, 2604, 'Amsing', NULL),
(106739, 2604, 'Chandrapur', NULL),
(106740, 2604, 'Panikhaiti', NULL),
(106741, 2604, 'Paschim Mayong', NULL),
(106742, 2605, 'Amranga', NULL),
(106743, 2605, 'Baranti Moniary Para', NULL),
(106744, 2605, 'Biro Gaon', NULL),
(106745, 2605, 'Bongara', NULL),
(106746, 2605, 'Horopara', NULL),
(106747, 2605, 'Kochpara', NULL),
(106748, 2605, 'Maliata', NULL),
(106749, 2605, 'Pally Hudumpur', NULL),
(106750, 2605, 'Rajapara', NULL),
(106751, 2605, 'Sarpara', NULL),
(106752, 2605, 'Satpur', NULL),
(106753, 2606, 'Bamunigaon', NULL),
(106754, 2606, 'Champak Nagar', NULL),
(106755, 2606, 'Chaygaon', NULL),
(106756, 2606, 'Dakhin Pantan', NULL),
(106757, 2606, 'Gumi Bankakata', NULL),
(106758, 2606, 'Paschim Chaygaon', NULL),
(106759, 2606, 'Sattaluk', NULL),
(106760, 2607, 'Barkhat', NULL),
(106761, 2607, 'Baruabari', NULL),
(106762, 2607, 'Dhupguri', NULL),
(106763, 2607, 'Digaaru', NULL),
(106764, 2607, 'Hahara', NULL),
(106765, 2607, 'Kamarkuchi', NULL),
(106766, 2607, 'Khetri', NULL),
(106767, 2607, 'Maloibari', NULL),
(106768, 2607, 'Nartab', NULL),
(106769, 2607, 'Sonapur', NULL),
(106770, 2607, 'Tapatoli', NULL),
(106771, 2607, 'Tetelia', NULL),
(106772, 2609, 'Achalpara', NULL),
(106773, 2609, 'Batahidia', NULL),
(106774, 2609, 'Bhauria Bhitha', NULL),
(106775, 2609, 'Hatichala Bhalukbari', NULL),
(106776, 2609, 'Hatipara', NULL),
(106777, 2609, 'Jorsimalu', NULL),
(106778, 2609, 'Majortop', NULL),
(106779, 2609, 'Tukrapara', NULL),
(106780, 2610, 'Bamundi', NULL),
(106781, 2610, 'Barni', NULL),
(106782, 2610, 'Bongalpara', NULL),
(106783, 2610, 'Dampur', NULL),
(106784, 2610, 'No.2 Hajo', NULL),
(106785, 2610, 'Kalitakuchi', NULL),
(106786, 2610, 'Ketekibari Ukhura', NULL),
(106787, 2610, 'Khetri Hardiya', NULL),
(106788, 2610, 'Kulhati', NULL),
(106789, 2610, 'Lakoyatol  Halogaon', NULL),
(106790, 2610, 'Monahkuchi', NULL),
(106791, 2610, 'No. 1 Hajo', NULL),
(106792, 2610, 'Soniadi', NULL),
(106793, 2610, 'Swahid Khagen Bharal', NULL),
(106794, 2610, 'Swahid Nagen Deka', NULL),
(106795, 2610, 'Swahid Satyanath', NULL),
(106796, 2611, 'Athgaon', NULL),
(106797, 2611, 'Baihata', NULL),
(106798, 2611, 'Bardekpar', NULL),
(106799, 2611, 'Borka', NULL),
(106800, 2611, 'Borsil', NULL),
(106801, 2611, 'Gopeswar', NULL),
(106802, 2611, 'Guiya', NULL),
(106803, 2611, 'Kamalpur', NULL),
(106804, 2611, 'Kendukona', NULL),
(106805, 2611, 'Modartola', NULL),
(106806, 2611, 'Puthimari', NULL),
(106807, 2611, 'Sonapur', NULL),
(106808, 2612, 'Amtala Ziakur', NULL),
(106809, 2612, 'Bejartari', NULL),
(106810, 2612, 'Dahali Dakhala', NULL),
(106811, 2612, 'Guimara Chimina', NULL),
(106812, 2612, 'Nahira', NULL),
(106813, 2612, 'Rajapukhuri Berhanti', NULL),
(106814, 2612, 'Rampur', NULL),
(106815, 2612, 'Sapartari', NULL),
(106816, 2612, 'Satpakhali Tezpur', NULL),
(106817, 2612, 'Uparhali', NULL),
(106818, 2613, 'Arimatta', NULL),
(106819, 2613, 'Baidyagarh', NULL),
(106820, 2613, 'Baranghati', NULL),
(106821, 2613, 'Bishnupur Balisatra', NULL),
(106822, 2613, 'Bissenalla', NULL),
(106823, 2613, 'Bordol', NULL),
(106824, 2613, 'Borigog', NULL),
(106825, 2613, 'Chepti Nakul', NULL),
(106826, 2613, 'Dhuhibala', NULL),
(106827, 2613, 'Dimu Dobak', NULL),
(106828, 2613, 'Jayontipur', NULL),
(106829, 2613, 'Kayabarpulla', NULL),
(106830, 2613, 'Madhya Panduri', NULL),
(106831, 2613, 'Moranjana', NULL),
(106832, 2613, 'Padum Kowari', NULL),
(106833, 6560, 'Azara', NULL),
(106834, 2614, 'Dakhin Bholagaon', NULL),
(106835, 6560, 'Dharapur', NULL),
(106836, 6560, 'Garal', NULL),
(106837, 6560, 'Kahikuchi', NULL),
(106838, 6560, 'Majirgaon', NULL),
(106839, 2614, 'Ranigaon', NULL),
(106840, 2614, 'Uttar Bholagaon', NULL),
(106841, 2615, 'Bongsor', NULL),
(106842, 2615, 'Dadara', NULL),
(106843, 2615, 'Gandhmow', NULL),
(106844, 2615, 'Madhya Sualkuchi', NULL),
(106845, 2615, 'Pacharia', NULL),
(106846, 2615, 'Paschim Sualkuchi', NULL),
(106847, 2615, 'Pub Sualkuchi', NULL),
(106848, 2615, 'Singimari', NULL),
(106849, 2627, 'Anglar Bazar', NULL),
(106850, 2627, 'Bundashil', NULL),
(106851, 2627, 'Chargula - Guramara', NULL),
(106852, 2627, 'Dakhin Badarpur', NULL),
(106853, 2627, 'Duttapur', NULL),
(106854, 2627, 'Hassanpur', NULL),
(106855, 2627, 'Kankalash Basail', NULL),
(106856, 2627, 'Lamajuar', NULL),
(106857, 2627, 'Malua - Srigouri', NULL),
(106858, 2627, 'Masely', NULL),
(106859, 2627, 'Mohakal', NULL),
(106860, 2627, 'Umarpur', NULL),
(106861, 2628, 'Anipur', NULL),
(106862, 2628, 'Bidyanagar', NULL),
(106863, 2628, 'Cheragi', NULL),
(106864, 2628, 'Chorgola', NULL),
(106865, 2628, 'Dargarbond', NULL),
(106866, 2628, 'Dullavcherra', NULL),
(106867, 2628, 'Kazirbazar', NULL),
(106868, 2628, 'Lalcherra', NULL),
(106869, 2628, 'Pathakhauri', NULL),
(106870, 2628, 'Patiala', NULL),
(106871, 2628, 'Singlacherra', NULL),
(106872, 2628, 'Veterbond', NULL),
(106873, 2629, 'Bagan', NULL),
(106874, 2629, 'Balipipla', NULL),
(106875, 2629, 'Bazaricherra', NULL),
(106876, 2629, 'Chandkhera', NULL),
(106877, 2629, 'Dengarbond', NULL),
(106878, 2629, 'Hathikhera', NULL),
(106879, 2629, 'Isabeel', NULL),
(106880, 2629, 'Jherjheri', NULL),
(106881, 2629, 'Kukital', NULL),
(106882, 2629, 'Lowairpoa', NULL),
(106883, 2629, 'Medly', NULL),
(106884, 2629, 'Putni', NULL),
(106885, 2630, 'Akbarpur', NULL),
(106886, 2630, 'Bramansashan', NULL),
(106887, 2630, 'Gandhai', NULL),
(106888, 2630, 'Lakhibazar', NULL),
(106889, 2630, 'Latu Sojpur', NULL),
(106890, 2630, 'Maizgram', NULL),
(106891, 2630, 'Panighat', NULL),
(106892, 2630, 'Pathu - Surigram', NULL),
(106893, 2630, 'Puirahuria', NULL),
(106894, 2630, 'Sadarashi', NULL),
(106895, 2630, 'Sutarkandi Kurikhala', NULL),
(106896, 2630, 'Uttar Karimganj', NULL),
(106897, 2631, 'Achimganj', NULL),
(106898, 2631, 'Bandarkuna', NULL),
(106899, 2631, 'Barigram', NULL),
(106900, 2631, 'Burunga', NULL),
(106901, 2631, 'Dhalcherra', NULL),
(106902, 2631, 'Farikuna Duhalian', NULL),
(106903, 2631, 'Ilashpur', NULL),
(106904, 2631, 'Jurbari Defala', NULL),
(106905, 2631, 'Kabaribond', NULL),
(106906, 2631, 'Kalkalighat', NULL),
(106907, 2631, 'Kanaibazar', NULL),
(106908, 2631, 'Moina', NULL),
(106909, 2631, 'Patharkandi', NULL),
(106910, 2632, 'Anandapur', NULL),
(106911, 2632, 'Baruala', NULL),
(106912, 2632, 'Bhairab Nagar', NULL),
(106913, 2632, 'Binodini', NULL),
(106914, 2632, 'Gamaria', NULL),
(106915, 2632, 'Gandhinagar', NULL),
(106916, 2632, 'Gobindaganj', NULL),
(106917, 2632, 'Harinagar', NULL),
(106918, 2632, 'Kalinagar', NULL),
(106919, 2632, 'Nagendranagar', NULL),
(106920, 2632, 'Nayatilla', NULL),
(106921, 2628, 'Paldhar', NULL),
(106922, 2632, 'Ram Krishna Nagar', NULL),
(106923, 2628, 'Ratabari', NULL),
(106924, 2633, 'Angura', NULL),
(106925, 2633, 'Bagbari', NULL),
(106926, 2633, 'Bakarshal Nairgram', NULL),
(106927, 2633, 'Bazarghat', NULL),
(106928, 2633, 'Farampasha', NULL),
(106929, 2633, 'Fatepur', NULL),
(106930, 2633, 'Janakalayan', NULL),
(106931, 2633, 'Jatkapan Barkatpar', NULL),
(106932, 2633, 'Kaliganj', NULL),
(106933, 2633, 'Kanisail Sarifnagar', NULL),
(106934, 2633, 'Keotkuna', NULL),
(106935, 2633, 'Krishna Nagar', NULL),
(106936, 2633, 'Longai Ghat', NULL),
(106937, 2633, 'Monosangan', NULL),
(106938, 2633, 'Nilambazar', NULL),
(106939, 2633, 'Pirer Chak', NULL),
(106940, 2633, 'Sarisha - Chorakuri', NULL),
(106941, 2633, 'Singaria', NULL),
(106942, 2633, 'Srimanta Kanishlal', NULL),
(106943, 2633, 'Subhasnagar', NULL),
(106944, 2633, 'Suprakandi', NULL),
(106945, 2640, 'Badati Jamuguri', NULL),
(106946, 2640, 'Bahgorah Dhunaguri', NULL),
(106947, 2640, 'Bihpuria', NULL),
(106948, 2640, 'Pub-Dikrong', NULL),
(106949, 2641, 'Boginadi', NULL),
(106950, 2641, 'Bhimpara', NULL),
(106951, 2641, 'Chauldhowa', NULL),
(106952, 2641, 'Kadam', NULL),
(106953, 2641, 'Na-Kadam', NULL),
(106954, 2641, 'Sirajuli', NULL),
(106955, 2641, 'Thowthowni', NULL),
(106956, 2641, 'Ukhamati', NULL),
(106957, 2642, 'Madhya Dhakuakhana', NULL),
(106958, 2642, 'Dangdhara', NULL),
(106959, 2642, 'Chaiguri (Singia)', NULL),
(106960, 2642, 'Dhakuakhana Batamary', NULL),
(106961, 2642, 'Dimaruguri', NULL),
(106962, 2642, 'Gandhia', NULL),
(106963, 2642, 'Harhi', NULL),
(106964, 2642, 'Kherkata', NULL),
(106965, 2642, 'Matmara', NULL),
(106966, 2642, 'Pachim Dhakuakhana', NULL),
(106967, 2642, 'Pub-Dhakuakhana', NULL),
(106968, 2642, 'Uttar Dhakuakhana', NULL),
(106969, 2643, 'Barkhamukh', NULL),
(106970, 2643, 'Bilmukh', NULL),
(106971, 2643, 'Bordoibam', NULL),
(106972, 2643, 'Deolia', NULL),
(106973, 2643, 'Ghilamara', NULL),
(106974, 2643, 'Kekuri', NULL),
(106975, 2643, 'Mornoi', NULL),
(106976, 2643, 'Subansiri', NULL),
(106977, 2643, 'Sonari Chapari', NULL),
(106978, 2644, 'Bangalmora', NULL),
(106979, 2644, 'Borchala Mohghuli', NULL),
(106980, 2644, 'Dakhin Laluk', NULL),
(106981, 2644, 'Dikrong', NULL),
(106982, 2644, 'Harmoti', NULL),
(106983, 2644, 'Niz Lakuk', NULL),
(106984, 2644, 'Pabha', NULL),
(106985, 2644, 'Tinthengia', NULL),
(106986, 2644, 'Uttar Laluk', NULL),
(106987, 2644, 'Yuva Nagar', NULL),
(106988, 2645, 'Azad', NULL),
(106989, 2645, 'Bogolijan', NULL),
(106990, 2645, 'Chaboti', NULL),
(106991, 2645, 'Ghunasuti', NULL),
(106992, 2645, 'Johing', NULL),
(106993, 2645, 'Kamalabaria', NULL),
(106994, 2645, 'Lakhimpur', NULL),
(106995, 2645, 'Uzalpur', NULL),
(106996, 2646, 'Bholabari', NULL),
(106997, 2646, 'Borbali', NULL),
(106998, 2646, 'Dakhin Narayanpur', NULL),
(106999, 2646, 'Dhalpur', NULL),
(107000, 2646, 'Ganakdoloni', NULL),
(107001, 2646, 'Jamuguri', NULL),
(107002, 2646, 'Narayanpur', NULL),
(107003, 2646, 'Panbari', NULL),
(107004, 2646, 'Pathalipahar', NULL),
(107005, 2646, 'Pichala', NULL),
(107006, 2646, 'Pub-Narayanpur', NULL),
(107007, 2646, 'Rajgarh', NULL),
(107008, 2646, 'Rangati', NULL),
(107009, 2646, 'Simaluguri', NULL),
(107010, 2647, 'Dejoo', NULL),
(107011, 2647, 'Dolohat  Sonapur', NULL),
(107012, 2647, 'Madhya-Nowboicha', NULL),
(107013, 2647, 'Nowboicha', NULL),
(107014, 2647, 'Pachim Nowboicha', NULL),
(107015, 2647, 'Pahumora', NULL),
(107016, 2647, 'Phulbari', NULL),
(107017, 2647, 'Rampur Bogibil', NULL),
(107018, 2647, 'Ranganadi', NULL),
(107019, 2647, 'Singra', NULL),
(107020, 2648, 'Lohit Khabolu', NULL),
(107021, 2648, 'Madhya Telahi', NULL),
(107022, 2648, 'Pachim Telahi', NULL),
(107023, 2648, 'Panigaon', NULL),
(107024, 2648, 'Pub Telahi', NULL),
(107025, 2648, 'Uttar Telahi', NULL),
(107026, 2649, 'Silpukhuri', NULL),
(107027, 2650, 'Azarbari', NULL),
(107028, 2650, 'Baghara', NULL),
(107029, 2650, 'Barangabari', NULL),
(107030, 2650, 'Bhurbandha', NULL),
(107031, 2650, 'Dandua', NULL),
(107032, 2650, 'Dighalbari', NULL),
(107033, 2650, 'Habi Barangabari', NULL),
(107034, 2650, 'Konwargaon', NULL),
(107035, 2650, 'Manipur', NULL),
(107036, 2650, 'Mikirbheta', NULL),
(107037, 2650, 'Rangadaria', NULL),
(107038, 2650, 'Solmari', NULL),
(107039, 2650, 'Tarabori', NULL),
(107040, 2651, 'Bhakatgaon', NULL),
(107041, 2651, 'Borchila', NULL),
(107042, 2651, 'Chabukdhara', NULL),
(107043, 2651, 'Paghali', NULL),
(107044, 2652, 'Borbhagia', NULL),
(107045, 2652, 'Charaibahi', NULL),
(107046, 2652, 'Jaluguti', NULL),
(107047, 2652, 'Kalmoubari', NULL);
INSERT INTO `gram_panchyats` (`id`, `block_id`, `gram_panchyat_name`, `vcc`) VALUES
(107048, 2652, 'Mikirgaon', NULL),
(107049, 2653, 'Balidunga', NULL),
(107050, 2653, 'Baralimari', NULL),
(107051, 2653, 'Bhuragaon', NULL),
(107052, 2653, 'Borchala', NULL),
(107053, 2653, 'Bordubatup', NULL),
(107054, 2653, 'Bowalguri', NULL),
(107055, 2653, 'Dhumkura', NULL),
(107056, 2653, 'Dhupguri', NULL),
(107057, 2653, 'Haibargaon', NULL),
(107058, 2653, 'Jaribor', NULL),
(107059, 2653, 'Kacharibori', NULL),
(107060, 2653, 'Kathani', NULL),
(107061, 2653, 'Kushtoli', NULL),
(107062, 2653, 'Laharighat', NULL),
(107063, 2653, 'Lawbhurunga', NULL),
(107064, 2653, 'Nagabandha', NULL),
(107065, 2653, 'Niz-Chaharia', NULL),
(107066, 2653, 'Niz-Gerua', NULL),
(107067, 2653, 'Amaraguri', NULL),
(107068, 2653, 'Pavakati', NULL),
(107069, 2653, 'Raja Gadhowa', NULL),
(107070, 2653, 'Tengaguri', NULL),
(107071, 2653, 'Tinsukia Mahmara', NULL),
(107072, 2653, 'Tulsibari', NULL),
(107073, 2654, 'Ahatguri', NULL),
(107074, 2654, 'Baghjap', NULL),
(107075, 2654, 'Boha Borjari', NULL),
(107076, 2654, 'Borpak', NULL),
(107077, 2654, 'Buraburi', NULL),
(107078, 2654, 'Burgaon', NULL),
(107079, 2654, 'Dakhin Dharamtul', NULL),
(107080, 2654, 'Deosal', NULL),
(107081, 2654, 'Dungabari', NULL),
(107082, 2654, 'Gagalmari', NULL),
(107083, 2654, 'Gagalmari Ashigarh', NULL),
(107084, 2654, 'Garmari', NULL),
(107085, 2654, 'Ghagua', NULL),
(107086, 2654, 'Gova', NULL),
(107087, 2654, 'Jagibhakatgaon', NULL),
(107088, 2654, 'Jagiroad', NULL),
(107089, 2654, 'Jhargaon', NULL),
(107090, 2654, 'Kuranibari', NULL),
(107091, 2654, 'Lehpati', NULL),
(107092, 2654, 'Manaha', NULL),
(107093, 2654, 'Mayong', NULL),
(107094, 2654, 'Nellie', NULL),
(107095, 2654, 'Paliguri', NULL),
(107096, 2654, 'Pavakati', NULL),
(107097, 2654, 'Silsang', NULL),
(107098, 2654, 'Telahi', NULL),
(107099, 2654, 'Uttar Dharamtul', NULL),
(107100, 2655, 'Borbori', NULL),
(107101, 2655, 'Borchapori', NULL),
(107102, 2655, 'Datialbori', NULL),
(107103, 2655, 'Doloigaon', NULL),
(107104, 2655, 'Gariabori', NULL),
(107105, 2655, 'Hatimuria', NULL),
(107106, 2655, 'Lengribori', NULL),
(107107, 2655, 'Lochanabori', NULL),
(107108, 2655, 'Moirabari', NULL),
(107109, 2655, 'Tatikata', NULL),
(107110, 2655, 'Ulubari', NULL),
(107111, 2656, 'Amlakhi', NULL),
(107112, 2656, 'Bajiagaon', NULL),
(107113, 2656, 'Khatowal', NULL),
(107114, 2656, 'Kuhumtoli', NULL),
(107115, 2656, 'Kanuwamari', NULL),
(107116, 2656, 'Mowamari', NULL),
(107117, 2656, 'Niz Bheleuguri', NULL),
(107118, 2656, 'Bharaguri', NULL),
(107119, 2656, 'Rangagara', NULL),
(107120, 2656, 'Samaguri', NULL),
(107121, 2656, 'Sutargaon', NULL),
(107122, 2656, 'Udmari', NULL),
(107123, 2657, 'Balijuri', NULL),
(107124, 2657, 'Bamuni', NULL),
(107125, 2657, 'Barbari', NULL),
(107126, 2657, 'Barhampur', NULL),
(107127, 2657, 'Chapanala', NULL),
(107128, 2657, 'Halowagaon', NULL),
(107129, 2657, 'Katonigaon', NULL),
(107130, 2657, 'Niz Chalchali', NULL),
(107131, 2657, 'Puranigudam', NULL),
(107132, 2657, 'Sutargaon', NULL),
(107133, 2657, 'Uriagaon', NULL),
(107134, 2658, 'Amlakhi', NULL),
(107135, 2658, 'Batadrawa', NULL),
(107136, 2658, 'Bhomoraguri', NULL),
(107137, 2658, 'Bilatia', NULL),
(107138, 2658, 'Dhaniabhati', NULL),
(107139, 2658, 'Dhupaguri', NULL),
(107140, 2658, 'Kadomoni', NULL),
(107141, 2658, 'Kandhulimari', NULL),
(107142, 2658, 'Katahguri', NULL),
(107143, 2658, 'Rampur Satra', NULL),
(107144, 2658, 'Saharia', NULL),
(107145, 2658, 'Sologuri', NULL),
(107146, 2658, 'Tuktuki', NULL),
(107147, 2658, 'Upar Domdomia', NULL),
(107148, 2659, 'Akashiganga', NULL),
(107149, 2659, 'Aksekpathar', NULL),
(107150, 2659, 'Ambari', NULL),
(107151, 2659, 'Baliram', NULL),
(107152, 2659, 'Barhawar', NULL),
(107153, 2659, 'Barbali', NULL),
(107154, 2659, 'Bhelouguri Pathar', NULL),
(107155, 2659, 'Burungatoli', NULL),
(107156, 2659, 'Charingpathar', NULL),
(107157, 2659, 'Sarlock', NULL),
(107158, 2659, 'Changmaji', NULL),
(107159, 2659, 'Samarali', NULL),
(107160, 2659, 'Chowdhuri Bazar', NULL),
(107161, 2659, 'Doboka', NULL),
(107162, 2659, 'Jamuna', NULL),
(107163, 2659, 'Jamunamukh', NULL),
(107164, 2659, 'Joynagar', NULL),
(107165, 2659, 'Kapashbari', NULL),
(107166, 2659, 'Koroioni', NULL),
(107167, 2659, 'Murajar', NULL),
(107168, 2659, 'Na-Gayapam', NULL),
(107169, 2659, 'Namati', NULL),
(107170, 2659, 'Nilbagan', NULL),
(107171, 2659, 'Sutargaon', NULL),
(107172, 2660, 'Baluhundar', NULL),
(107173, 2660, 'Bhalukmari', NULL),
(107174, 2660, 'Bordolong', NULL),
(107175, 2660, 'Dhalpukhuri', NULL),
(107176, 2660, 'Farmapar', NULL),
(107177, 2660, 'Kumurakata', NULL),
(107178, 2660, 'Lankabheta', NULL),
(107179, 2660, 'Laskarpathar', NULL),
(107180, 2660, 'Milikbosti', NULL),
(107181, 2660, 'Nandapur', NULL),
(107182, 2660, 'Padumpukhuri', NULL),
(107183, 2660, 'Singaribosti', NULL),
(107184, 2661, 'Aibheti', NULL),
(107185, 2661, 'Hatijujuwa', NULL),
(107186, 2661, 'Jamuguri Kujidah', NULL),
(107187, 2661, 'Kakomari', NULL),
(107188, 2661, 'Maj Jajori', NULL),
(107189, 2661, 'Niz Hatichung', NULL),
(107190, 2661, 'Raidongia', NULL),
(107191, 2662, 'Ashinagar', NULL),
(107192, 2662, 'Barphuti', NULL),
(107193, 2662, 'Barpukhuri', NULL),
(107194, 2662, 'Dimarupar', NULL),
(107195, 2662, 'Gopalnagar', NULL),
(107196, 2662, 'Golaghatia Basti', NULL),
(107197, 2662, 'Hayang Basti', NULL),
(107198, 2662, 'Hindu Block', NULL),
(107199, 2662, 'Islam Nagar', NULL),
(107200, 2662, 'Kandhulimari', NULL),
(107201, 2662, 'Pub Dhaniram Pathar', NULL),
(107202, 2662, 'Radhanagar', NULL),
(107203, 2662, 'Rajbari', NULL),
(107204, 2663, 'Bagariguri', NULL),
(107205, 2663, 'Balikotia', NULL),
(107206, 2663, 'Baralimari Furhaniat', NULL),
(107207, 2663, 'Chatian', NULL),
(107208, 2663, 'Dagaon Dhing Gaon', NULL),
(107209, 2663, 'Dhingbari Chapari', NULL),
(107210, 2663, 'Gadaimari', NULL),
(107211, 2663, 'Jangani Kaladuba', NULL),
(107212, 2663, 'Jarnamari Lingia', NULL),
(107213, 2663, 'Juria', NULL),
(107214, 2663, 'Kacharigaon', NULL),
(107215, 2663, 'Kandhulimari', NULL),
(107216, 2663, 'Mahguri', NULL),
(107217, 2663, 'Meheripar', NULL),
(107218, 2663, 'Meleka Dhing Mukunda', NULL),
(107219, 2663, 'Patia Chapori Rowmar', NULL),
(107220, 2663, 'Singia', NULL),
(107221, 2663, 'Sonaibera Simaluati', NULL),
(107222, 2663, 'Sutirpar', NULL),
(107223, 2663, 'Alitangani Jamuguri', NULL),
(107224, 2663, 'Telia Bebejia', NULL),
(107225, 2663, 'Tinsukia', NULL),
(107226, 2664, 'Amguri', NULL),
(107227, 2664, 'Chikoni Barhola', NULL),
(107228, 2664, 'Hatbar', NULL),
(107229, 2664, 'Jakhalabandha', NULL),
(107230, 2664, 'Kuthari', NULL),
(107231, 2664, 'Kuwaritol', NULL),
(107232, 2664, 'Majpubtharia', NULL),
(107233, 2664, 'Pub-Pubthoria', NULL),
(107234, 2664, 'Uttar Paschim Pubtho', NULL),
(107235, 2664, 'Uttar Pubthoria', NULL),
(107236, 2665, 'Barpujia', NULL),
(107237, 2665, 'Jarabari', NULL),
(107238, 2665, 'Manipurtup', NULL),
(107239, 2666, 'Bakulaguri', NULL),
(107240, 2666, 'Barpathar', NULL),
(107241, 2666, 'Changchaki', NULL),
(107242, 2666, 'Chankhola', NULL),
(107243, 2666, 'Dakhin Nanoi', NULL),
(107244, 2666, 'Deb-Narikali', NULL),
(107245, 2666, 'Garjaipam', NULL),
(107246, 2666, 'Garukhunda', NULL),
(107247, 2666, 'Juripar', NULL),
(107248, 2666, 'Kachuwa', NULL),
(107249, 2666, 'Kundoli', NULL),
(107250, 2666, 'Longjap', NULL),
(107251, 2666, 'Madhapara', NULL),
(107252, 2666, 'Nambar Lalung Gaon', NULL),
(107253, 2666, 'Niz Kampur', NULL),
(107254, 2666, 'Niz-Kathiatoli', NULL),
(107255, 2666, 'Rangaloo', NULL),
(107256, 2666, 'Singimari', NULL),
(107257, 2666, 'Tetelisara', NULL),
(107258, 2667, 'Borbheti', NULL),
(107259, 2667, 'Bebejia Demow Bangth', NULL),
(107260, 2667, 'Bhakatgaon', NULL),
(107261, 2667, 'Dimaruguri', NULL),
(107262, 2667, 'Diphaloo', NULL),
(107263, 2667, 'Herapati', NULL),
(107264, 2667, 'Kenduguri', NULL),
(107265, 2667, 'Kuchamari', NULL),
(107266, 2667, 'Lawgaon', NULL),
(107267, 2667, 'Rangagarahuj', NULL),
(107268, 2667, 'Sensowa', NULL),
(107269, 2668, 'Ambagan', NULL),
(107270, 2668, 'Bhatiakhali', NULL),
(107271, 2668, 'Bhurbandha', NULL),
(107272, 2668, 'Kathpara', NULL),
(107273, 2668, 'Kawoimari', NULL),
(107274, 2668, 'Lailuri', NULL),
(107275, 2668, 'Lawkhowa', NULL),
(107276, 2668, 'Magurmari', NULL),
(107277, 2668, 'Salpara', NULL),
(107278, 2668, 'Singimari', NULL),
(107279, 2668, 'Tubukijarani', NULL),
(107280, 2669, 'Dakhin Lumding', NULL),
(107281, 2669, 'Dera Pathar', NULL),
(107282, 2669, 'Kaki Thaisupar', NULL),
(107283, 2669, 'Khagarijan', NULL),
(107284, 2669, 'Nakhuti', NULL),
(107285, 2669, 'Paschim Lumding', NULL),
(107286, 2669, 'Pub Lumding', NULL),
(107287, 2669, 'Sarkebasti Natun Baz', NULL),
(107288, 2670, 'Bechamari', NULL),
(107289, 2670, 'Borbheti', NULL),
(107290, 2670, 'Lahkar Ghat', NULL),
(107291, 2670, 'Lalipathar', NULL),
(107292, 2670, 'Moiradhaj', NULL),
(107293, 2670, 'Niz-Dhing', NULL),
(107294, 2671, 'Anjukpani', NULL),
(107295, 2671, 'Barghuli', NULL),
(107296, 2671, 'Hatigaon', NULL),
(107297, 2671, 'Kathalguri', NULL),
(107298, 2671, 'Lakhanbandha', NULL),
(107299, 2671, 'Niz Borbhugia', NULL),
(107300, 2671, 'Rahdhola', NULL),
(107301, 2671, 'Salona Bagisa', NULL),
(107302, 2672, 'Bengenaatri', NULL),
(107303, 2672, 'Bhotai Pathori', NULL),
(107304, 2672, 'Chota Haibor', NULL),
(107305, 2672, 'Dakarhat', NULL),
(107306, 2672, 'Dakhinpat', NULL),
(107307, 2672, 'Deodhar', NULL),
(107308, 2672, 'Pakhimoria', NULL),
(107309, 2672, 'Tulshi Deuri', NULL),
(107310, 2673, 'Amsoi', NULL),
(107311, 2673, 'Amtala', NULL),
(107312, 2673, 'Bagulajan', NULL),
(107313, 2673, 'Chaparmukh', NULL),
(107314, 2673, 'Dakhin Jajial', NULL),
(107315, 2673, 'Dighaldari', NULL),
(107316, 2673, 'Dighaliati', NULL),
(107317, 2673, 'Ghahi', NULL),
(107318, 2673, 'Hatbor', NULL),
(107319, 2673, 'Kamargaon', NULL),
(107320, 2673, 'Magurgaon', NULL),
(107321, 2673, 'Phulaguri', NULL),
(107322, 2673, 'Pramila', NULL),
(107323, 2673, 'Raha', NULL),
(107324, 2673, 'Ranthali', NULL),
(107325, 2673, 'Sahari', NULL),
(107326, 2673, 'Salmara', NULL),
(107327, 2674, 'Barghat', NULL),
(107328, 2674, 'Dakhin Khatowal', NULL),
(107329, 2674, 'Fakali', NULL),
(107330, 2674, 'Phutaljar', NULL),
(107331, 2674, 'Garajan', NULL),
(107332, 2674, 'Gereki', NULL),
(107333, 2674, 'Gotonga', NULL),
(107334, 2674, 'Hatipara', NULL),
(107335, 2674, 'Hatipukhuri', NULL),
(107336, 2674, 'Jeumari', NULL),
(107337, 2674, 'Kanchanpur', NULL),
(107338, 2674, 'Rupahi', NULL),
(107339, 2674, 'Saidoria', NULL),
(107340, 2674, 'Uttar Khatowal', NULL),
(107341, 2675, 'Ajarbari', NULL),
(107342, 2675, 'Bamungaon', NULL),
(107343, 2675, 'Kandura Buragaon', NULL),
(107344, 2675, 'Lankajan', NULL),
(107345, 2675, 'No. 1 Kaki', NULL),
(107346, 2675, 'Purana Kaki', NULL),
(107347, 2675, 'Odali', NULL),
(107348, 2675, 'Paschim Odali', NULL),
(107349, 2675, 'Ranipukhuri', NULL),
(107350, 2677, 'Balitara', NULL),
(107351, 2677, 'Chataibari', NULL),
(107352, 2677, 'Alliya', NULL),
(107353, 2677, 'Datara', NULL),
(107354, 2677, 'Deharkuchi', NULL),
(107355, 2677, 'Dihjari', NULL),
(107356, 2677, 'Ghograpar', NULL),
(107357, 2677, 'Khatikuchi', NULL),
(107358, 2677, 'Pub Banbhag', NULL),
(107359, 2678, 'Barunibari Naptipara', NULL),
(107360, 2678, 'Bhangnamari', NULL),
(107361, 2678, 'Doulasal Larkuchi', NULL),
(107362, 2678, 'Ghoga', NULL),
(107363, 2678, 'Joysagar Bortola', NULL),
(107364, 2678, 'Kalarchar', NULL),
(107365, 2678, 'Kandhbari Dagapara', NULL),
(107366, 2678, 'Kekankuchi Kaplabari', NULL),
(107367, 2678, 'Kurihamari Borchulia', NULL),
(107368, 2678, 'Loharkatha Adabari', NULL),
(107369, 2678, 'Mugdi Rampur', NULL),
(107370, 2678, 'Mukalmua Narayanpur', NULL),
(107371, 2680, 'Sanekuchi', NULL),
(107372, 2680, 'No. 1 Upper Barbhag', NULL),
(107373, 2680, 'No. 2 Upper Barbhag', NULL),
(107374, 2680, 'No. 3 Upper Barbhag', NULL),
(107375, 2680, 'No. 4 Upper Barbhag', NULL),
(107376, 2680, 'No. 5 Upper Barbhag', NULL),
(107377, 2680, 'No. 6 Upper Barbhag', NULL),
(107378, 2682, 'Dakhin Natun Dehar', NULL),
(107379, 2682, 'Paschim Dharmapur', NULL),
(107380, 2682, 'Paschim Natun Dehar', NULL),
(107381, 2682, 'Pub Dharmapur', NULL),
(107382, 2682, 'Pub Natun  Dehar', NULL),
(107383, 2682, 'Uttar Pub Dharmapur', NULL),
(107384, 2684, 'Barnaddi', NULL),
(107385, 2684, 'Bongaon', NULL),
(107386, 2684, 'Belsor', NULL),
(107387, 2684, 'Dakhin Madhya Dharma', NULL),
(107388, 2684, 'No.1  Dakhin Pakowa', NULL),
(107389, 2684, 'No.2 Dakhin Pakowa', NULL),
(107390, 2684, 'No.3 Dakhin Pakowa', NULL),
(107391, 2684, 'No.4 Dakhin Pakowa', NULL),
(107392, 2684, 'Dakhin Khetry Dharma', NULL),
(107393, 2684, 'Kakaya', NULL),
(107394, 2684, 'Panigaon', NULL),
(107395, 2684, 'Paschim Khetry Dharm', NULL),
(107396, 2684, 'Pub Khetry Dharmapur', NULL),
(107397, 2684, 'Rupiabathan', NULL),
(107398, 2684, 'Uttar Khetry Dharmap', NULL),
(107399, 2685, '1 No. Khata', NULL),
(107400, 2685, '2 No. Khata', NULL),
(107401, 2685, '3 No. Khata', NULL),
(107402, 2685, '4 No. Khata', NULL),
(107403, 2685, '5 No. Pub Batahgila', NULL),
(107404, 2685, 'Dakhin Bahjani', NULL),
(107405, 2685, 'Madhya Bahjani', NULL),
(107406, 2685, 'Paschim Batahgila', NULL),
(107407, 2685, 'Pub Bahjani', NULL),
(107408, 2685, 'Uttar Bahjani', NULL),
(107409, 2687, 'Jalkhana Bhatuakhana', NULL),
(107410, 2687, 'Makhibaha', NULL),
(107411, 2687, 'Mathurapur', NULL),
(107412, 2687, 'Nathkuchi', NULL),
(107413, 2687, 'Paschim Nambarbhag', NULL),
(107414, 2687, 'Pub Nambarbhag', NULL),
(107415, 2693, 'Amguri', NULL),
(107416, 2693, 'Bhuyanhat', NULL),
(107417, 2693, 'Borahibari', NULL),
(107418, 2693, 'Borbam', NULL),
(107419, 2693, 'Borchalla', NULL),
(107420, 2693, 'Boruaali', NULL),
(107421, 2693, 'Lalimchapori', NULL),
(107422, 2693, 'Namtiali', NULL),
(107423, 2693, 'Namtidola', NULL),
(107424, 2693, 'Pengera', NULL),
(107425, 2694, 'Athabari', NULL),
(107426, 2694, 'Bakhar Bengena', NULL),
(107427, 2694, 'Borbam', NULL),
(107428, 2694, 'Demow', NULL),
(107429, 2694, 'Gohain Pukhuri', NULL),
(107430, 2694, 'Khorahat', NULL),
(107431, 2694, 'Maharani', NULL),
(107432, 2694, 'Nahat', NULL),
(107433, 2694, 'Nangolamora', NULL),
(107434, 2694, 'Nemuguri', NULL),
(107435, 2694, 'Nitaipukhuri', NULL),
(107436, 2694, 'Pachim Panidehing', NULL),
(107437, 2694, 'Palengi', NULL),
(107438, 2694, 'Panidehing', NULL),
(107439, 2694, 'Parijat', NULL),
(107440, 2694, 'Rajabari', NULL),
(107441, 2694, 'Rupjyoti', NULL),
(107442, 2694, 'Saragua', NULL),
(107443, 2694, 'Sukanpukhuri', NULL),
(107444, 2694, 'Thowradole', NULL),
(107445, 2695, 'Baruapukhuri', NULL),
(107446, 2695, 'Charing', NULL),
(107447, 2695, 'Dewraja', NULL),
(107448, 2695, 'Dikhowmukh', NULL),
(107449, 2695, 'Diksu', NULL),
(107450, 2695, 'Hafaluting', NULL),
(107451, 2695, 'Hatighuli', NULL),
(107452, 2695, 'Kawaimari', NULL),
(107453, 2695, 'Khonamukh', NULL),
(107454, 2695, 'Mogorahat', NULL),
(107455, 2695, 'Momai Tamuli', NULL),
(107456, 2695, 'Morabajar', NULL),
(107457, 2695, 'Rongpur', NULL),
(107458, 2695, 'Rudrasagar', NULL),
(107459, 2695, 'Sologuri', NULL),
(107460, 2696, 'Chalapather', NULL),
(107461, 2696, 'Charaideo', NULL),
(107462, 2696, 'Hollow Phukon', NULL),
(107463, 2696, 'Nimonagarh', NULL),
(107464, 2697, 'Bantung', NULL),
(107465, 2697, 'Bihubor', NULL),
(107466, 2697, 'Borbarua', NULL),
(107467, 2697, 'Borphukan', NULL),
(107468, 2697, 'Dolakasharia', NULL),
(107469, 2697, 'Galeky', NULL),
(107470, 2697, 'Joymoti', NULL),
(107471, 2697, 'Khatkhati', NULL),
(107472, 2697, 'Lengibor', NULL),
(107473, 2697, 'Mokypur', NULL),
(107474, 2697, 'Na-Pukhuri', NULL),
(107475, 2697, 'Napam Baruwati', NULL),
(107476, 2697, 'Nazira', NULL),
(107477, 2697, 'Peoli Phukon', NULL),
(107478, 2697, 'Phulpani Borua', NULL),
(107479, 2697, 'Rahdoipukhuri', NULL),
(107480, 2697, 'Rajabheta', NULL),
(107481, 2697, 'Romoni', NULL),
(107482, 2697, 'Simaluguri', NULL),
(107483, 2697, 'Sukafa', NULL),
(107484, 2698, 'Ahukhat', NULL),
(107485, 2698, 'Bengenabari', NULL),
(107486, 2698, 'Bhuyankhat', NULL),
(107487, 2698, 'Borhat', NULL),
(107488, 2698, 'Boroguri', NULL),
(107489, 2698, 'Haridev', NULL),
(107490, 2698, 'Longpatia', NULL),
(107491, 2698, 'Milonjyoti', NULL),
(107492, 2698, 'Nahar Pukhuri', NULL),
(107493, 2698, 'Purbanchal', NULL),
(107494, 2698, 'Rahan', NULL),
(107495, 2698, 'Sapekhati', NULL),
(107496, 2698, 'Sarupather', NULL),
(107497, 2698, 'Sonali', NULL),
(107498, 2698, 'Udoyshree', NULL),
(107499, 2699, 'Banmukh', NULL),
(107500, 2699, 'Betbari', NULL),
(107501, 2699, 'Chaulkara', NULL),
(107502, 2699, 'Cherekapar', NULL),
(107503, 2699, 'Desang Dhai Ali', NULL),
(107504, 2699, 'Desangmukh', NULL),
(107505, 2699, 'Desangpar', NULL),
(107506, 2699, 'Gargaon', NULL),
(107507, 2699, 'Hahchora', NULL),
(107508, 2699, 'Khelua', NULL),
(107509, 2699, 'Konwarpur', NULL),
(107510, 2699, 'Lachit', NULL),
(107511, 2699, 'Lakuwa', NULL),
(107512, 2699, 'Nagar Mahal', NULL),
(107513, 2699, 'Panbecha', NULL),
(107514, 2699, 'Santipur', NULL),
(107515, 2699, 'Silakuti', NULL),
(107516, 2700, 'Bhorali Pukhuri', NULL),
(107517, 2700, 'Bordoba', NULL),
(107518, 2700, 'Desangpani', NULL),
(107519, 2700, 'Doba', NULL),
(107520, 2700, 'Kakotibari', NULL),
(107521, 2700, 'Khumtai', NULL),
(107522, 2700, 'Milon', NULL),
(107523, 2700, 'Niz-Khaloighugra', NULL),
(107524, 2700, 'Sorbudoi', NULL),
(107525, 2700, 'Sepon', NULL),
(107526, 2700, 'Udoipur', NULL),
(107527, 2701, 'Abhoypur', NULL),
(107528, 2701, 'Bhoju', NULL),
(107529, 2701, 'Rajapukhuri', NULL),
(107530, 2701, 'Sonari', NULL),
(107531, 2701, 'Suffry', NULL),
(107532, 2701, 'Towkak', NULL),
(107533, 2702, 'Borjarani', NULL),
(107534, 2702, 'Jarabari', NULL),
(107535, 2702, 'Khara Simolu', NULL),
(107536, 2702, 'Mijika', NULL),
(107537, 2702, 'Monabari', NULL),
(107538, 2702, 'Rotowa', NULL),
(107539, 2702, 'Tinisuti', NULL),
(107540, 2702, 'Gingia', NULL),
(107541, 2703, 'Balipara', NULL),
(107542, 2703, 'Balipukhuri', NULL),
(107543, 2703, 'Bhalukmari', NULL),
(107544, 2703, 'Bindukuri', NULL),
(107545, 2703, 'Chariduar', NULL),
(107546, 2703, 'Chiloni', NULL),
(107547, 2703, 'Dekargaon', NULL),
(107548, 2703, 'Gormara', NULL),
(107549, 2703, 'Ghoramari', NULL),
(107550, 2703, 'Haleswar', NULL),
(107551, 2703, 'Lokra', NULL),
(107552, 2703, 'Mansiri', NULL),
(107553, 2703, 'Napam', NULL),
(107554, 2703, 'Niz-Goroimari', NULL),
(107555, 2703, 'Rangajan', NULL),
(107556, 2703, 'Samdhora', NULL),
(107557, 2703, 'Singitoli', NULL),
(107558, 2703, 'Udmari', NULL),
(107559, 2704, 'Bihmari', NULL),
(107560, 2704, 'Boralimara', NULL),
(107561, 2704, 'Borgang', NULL),
(107562, 2704, 'Batiamari', NULL),
(107563, 2704, 'Serelia', NULL),
(107564, 2704, 'Gangmouthan', NULL),
(107565, 2704, 'Niz-Behali', NULL),
(107566, 2704, 'Rangagarah', NULL),
(107567, 2704, 'Telengonia', NULL),
(107568, 2705, '1 No. Bihaguri', NULL),
(107569, 2705, '2 No. Bihaguri', NULL),
(107570, 2705, 'Bahbari', NULL),
(107571, 2705, 'Bandarmari', NULL),
(107572, 2705, 'Borgaon', NULL),
(107573, 2705, 'Pachim Borgaon', NULL),
(107574, 2705, 'Pub-Borgaon', NULL),
(107575, 2705, 'Puthimari', NULL),
(107576, 2705, 'Tumuki', NULL),
(107577, 2706, 'Biswanath', NULL),
(107578, 2706, 'Burigang', NULL),
(107579, 2706, 'Gorehagi', NULL),
(107580, 2706, 'Kumolia', NULL),
(107581, 2706, 'Lehugaon', NULL),
(107582, 2706, 'Panibharal', NULL),
(107583, 2706, 'Sowaguri', NULL),
(107584, 2707, 'Borbhagia Belsiri', NULL),
(107585, 2707, 'Dakhin Singri', NULL),
(107586, 2707, 'Dhologuri', NULL),
(107587, 2707, 'Dumdooma', NULL),
(107588, 2707, 'Gupteswar', NULL),
(107589, 2707, 'Natun Sirajuli', NULL),
(107590, 2707, 'Natunpam', NULL),
(107591, 2707, 'Niz-Borchola', NULL),
(107592, 2707, 'Palasbasti', NULL),
(107593, 2707, 'Pirakata', NULL),
(107594, 2707, 'Sirajuli', NULL),
(107595, 2708, 'Amjarani', NULL),
(107596, 2708, 'Amtola', NULL),
(107597, 2708, 'Bakoridoloni', NULL),
(107598, 2708, 'Balijan', NULL),
(107599, 2708, 'Gamiri', NULL),
(107600, 2708, 'Helem', NULL),
(107601, 2708, 'Jalukbari', NULL),
(107602, 2708, 'Kalyanpur', NULL),
(107603, 2708, 'Karibil', NULL),
(107604, 2708, 'Kekurijan', NULL),
(107605, 2708, 'Krishnapur', NULL),
(107606, 2708, 'Missamari', NULL),
(107607, 2708, 'Nalanibari', NULL),
(107608, 2708, 'Rangalial', NULL),
(107609, 2708, 'Satrang', NULL),
(107610, 2708, 'Tetunbari', NULL),
(107611, 2708, 'Tokoubari', NULL),
(107612, 2709, 'Amiyapur', NULL),
(107613, 2709, 'Bahbera', NULL),
(107614, 2709, 'Bamunpukhuri', NULL),
(107615, 2709, 'Batachipur', NULL),
(107616, 2709, 'Bhotpara', NULL),
(107617, 2709, 'Chenimari', NULL),
(107618, 2709, 'Garmora', NULL),
(107619, 2709, 'Garubandha', NULL),
(107620, 2709, 'Jiagabharu', NULL),
(107621, 2709, 'Keherukhanda', NULL),
(107622, 2709, 'Mazrowmari', NULL),
(107623, 2709, 'Missamari', NULL),
(107624, 2709, 'Mizibari', NULL),
(107625, 2709, 'Naharbari', NULL),
(107626, 2709, 'Panbari', NULL),
(107627, 2709, 'Rakhasmari', NULL),
(107628, 2709, 'Sopai', NULL),
(107629, 2709, 'Thelamara', NULL),
(107630, 2710, 'Besseria', NULL),
(107631, 2710, 'Bhomoraguri', NULL),
(107632, 2710, 'Dolabari', NULL),
(107633, 2710, 'Mazgaon', NULL),
(107634, 2710, 'Panchmile', NULL),
(107635, 2710, 'Parbatia', NULL),
(107636, 2710, 'Rajgarh', NULL),
(107637, 2710, 'Ushapur', NULL),
(107638, 2711, 'Dakhin Chillabandha', NULL),
(107639, 2711, 'Dakhin Murhadol', NULL),
(107640, 2711, 'Madhaya Chillabandha', NULL),
(107641, 2711, 'Pachim Borbhogia', NULL),
(107642, 2711, 'Pachim Murhadol', NULL),
(107643, 2711, 'Pub-Borbhogia', NULL),
(107644, 2711, 'Pub-Murhadol', NULL),
(107645, 2711, 'Uttar Borbhogia', NULL),
(107646, 2711, 'Uttar Chillabandha', NULL),
(107647, 2711, 'Uttar Murhadol', NULL),
(107648, 2712, 'Alupara', NULL),
(107649, 2712, 'Bortamuli', NULL),
(107650, 2712, 'Dakhin-Kalabari', NULL),
(107651, 2712, 'Dubia', NULL),
(107652, 2712, 'Ghagra', NULL),
(107653, 2712, 'Gopalpur', NULL),
(107654, 2712, 'Kalabari', NULL),
(107655, 2712, 'Khariopuria', NULL),
(107656, 2712, 'Lohitmukh', NULL),
(107657, 2712, 'Pachim-Kalabari', NULL),
(107658, 2712, 'Pichala Sobansiri', NULL),
(107659, 2712, 'Pub-Dubia', NULL),
(107660, 2712, 'Pub-Kalabari', NULL),
(107661, 2712, 'Rawnmukh', NULL),
(107662, 2712, 'Solengiguri', NULL),
(107663, 2712, 'Sonapur', NULL),
(107664, 2712, 'Uttar Kalabari', NULL),
(107665, 2713, 'Borjuli', NULL),
(107666, 2713, 'Hatibari', NULL),
(107667, 2713, 'Naharani', NULL),
(107668, 2713, 'Namonigaon', NULL),
(107669, 2713, 'Phulguri', NULL),
(107670, 2713, 'Phulbari', NULL),
(107671, 2713, 'Sonajuli', NULL),
(107672, 2713, 'Thakurbari', NULL),
(107673, 2714, 'Balichang', NULL),
(107674, 2714, 'Bamuni Pathar', NULL),
(107675, 2714, 'Borpathar', NULL),
(107676, 2714, 'Dhuli', NULL),
(107677, 2714, 'Kuwari', NULL),
(107678, 2714, 'Mukhargarh', NULL),
(107679, 2714, 'Pabhoi', NULL),
(107680, 2714, 'Selaikhati', NULL),
(107681, 2715, '1 No. Sootea', NULL),
(107682, 2715, '2 No. Sootea', NULL),
(107683, 2715, '3 No. Sootea', NULL),
(107684, 2715, '4 No. Sootea', NULL),
(107685, 2715, '5 No. Sootea', NULL),
(107686, 2715, '6 No. Sootea', NULL),
(107687, 2715, 'Dakhin Nagsankar', NULL),
(107688, 2715, 'Madhya Nagsankar', NULL),
(107689, 2715, 'Pub Nagsankar', NULL),
(107690, 2715, 'Uttar Nagsankar', NULL),
(107691, 2716, 'Baruaholla', NULL),
(107692, 2716, 'Borguri', NULL),
(107693, 2716, 'Bozaltoli', NULL),
(107694, 2716, 'Dimoruguri', NULL),
(107695, 2716, 'Guijan', NULL),
(107696, 2716, 'Khamtiguali', NULL),
(107697, 2716, 'Gottong', NULL),
(107698, 2716, 'Panitola', NULL),
(107699, 2717, 'Baghjan', NULL),
(107700, 2717, 'Banderkhati', NULL),
(107701, 2717, 'Barekuri', NULL),
(107702, 2717, 'Bogapani', NULL),
(107703, 2717, 'Borhapjan', NULL),
(107704, 2717, 'Daisajan', NULL),
(107705, 2717, 'Doidam', NULL),
(107706, 2717, 'Doimukhia', NULL),
(107707, 2717, 'Hansara', NULL),
(107708, 2717, 'Hapjan', NULL),
(107709, 2717, 'Hatijan', NULL),
(107710, 2717, 'Kordoiguri', NULL),
(107711, 2717, 'Panikhowa', NULL),
(107712, 2717, 'Samdang', NULL),
(107713, 2717, 'Tingrai', NULL),
(107714, 2717, 'Tipuk', NULL),
(107715, 2718, 'Bapuji', NULL),
(107716, 2718, 'Bordubi Konwaripathe', NULL),
(107717, 2718, 'Itakhuli Chariali', NULL),
(107718, 2718, 'Kachamari', NULL),
(107719, 2718, 'Laipuli', NULL),
(107720, 2718, 'Lakhipather', NULL),
(107721, 2718, 'Langkashi', NULL),
(107722, 2718, 'Rangpuria', NULL),
(107723, 2718, 'Tengapani', NULL),
(107724, 2719, 'Bijuliban', NULL),
(107725, 2719, 'Bordubi', NULL),
(107726, 2719, 'Buridihing', NULL),
(107727, 2719, 'Dirak', NULL),
(107728, 2719, 'Duwarmora', NULL),
(107729, 2719, 'Gabharubheti', NULL),
(107730, 2719, 'Kailashpur', NULL),
(107731, 2719, 'Kakajan', NULL),
(107732, 2719, 'Kakopathar', NULL),
(107733, 2719, 'Koomsung', NULL),
(107734, 2719, 'Maithong', NULL),
(107735, 2719, 'Mankhowa', NULL),
(107736, 2719, 'Puronipukhuri', NULL),
(107737, 2719, 'Rangajan', NULL),
(107738, 2719, 'Tongana', NULL),
(107739, 2720, 'Bhitorpawoi', NULL),
(107740, 2720, 'Borbil', NULL),
(107741, 2720, 'Borgolai', NULL),
(107742, 2720, 'Brahmajan', NULL),
(107743, 2720, 'Enthem', NULL),
(107744, 2720, 'Golai', NULL),
(107745, 2720, 'Jagun', NULL),
(107746, 2720, 'Ketetong', NULL),
(107747, 2720, 'Kumarpatty', NULL),
(107748, 2720, 'Kumsai', NULL),
(107749, 2720, 'Ledo', NULL),
(107750, 2720, 'Ledo Collieary', NULL),
(107751, 2720, 'Lekhapani', NULL),
(107752, 2720, 'Makumpathar', NULL),
(107753, 2720, 'Pawoi', NULL),
(107754, 2720, 'Samukjan', NULL),
(107755, 2721, 'Amarpur', NULL),
(107756, 2721, 'Ambikapur', NULL),
(107757, 2721, 'Borjiya', NULL),
(107758, 2721, 'Buraburi', NULL),
(107760, 2721, 'Hollowgaon', NULL),
(107761, 2721, 'Kundil', NULL),
(107762, 2721, 'Na-Gaon', NULL),
(107763, 2721, 'Na-Sadiya', NULL),
(107764, 2721, 'Rajgarh', NULL),
(107765, 2721, 'Santipur', NULL),
(107766, 2721, 'Sunpura', NULL),
(107767, 2722, 'Araimuria', NULL),
(107768, 2722, 'Dangari', NULL),
(107769, 2722, 'Dhola-Dhadum', NULL),
(107770, 2722, 'Gakhirbheti', NULL),
(107771, 2722, 'Hahkhati', NULL),
(107772, 2722, 'Khobang', NULL),
(107773, 2722, 'Megela', NULL),
(107774, 2722, 'Na-Barmura', NULL),
(107775, 2722, 'Saikhowa', NULL),
(107776, 2722, 'Talap', NULL),
(236962, 2535, 'Rangamati', NULL),
(236966, 2523, 'Dalgaon', NULL),
(237313, 2558, 'Ambari Ponenayani', NULL),
(237314, 2558, 'Nayahat', NULL),
(237315, 2558, 'Maspara-Sonkosh', NULL),
(237316, 2558, 'Jogirmahal', NULL),
(243424, 6559, 'Tamarhat', NULL),
(243425, 6559, 'Dingdinga', NULL),
(243426, 6559, 'Kamandanga', NULL),
(243427, 6559, 'Chotoguma', NULL),
(244179, 2537, 'Sherpur', NULL),
(245280, 2549, 'Boterhat', NULL),
(245291, 2560, 'Maslapara', NULL),
(245292, 2560, 'Dubachuri', NULL),
(245293, 2560, 'Gutipara', NULL),
(245294, 2560, 'Boyzeralga', NULL),
(245302, 2669, 'Kaki Tongia', NULL),
(245333, 2554, 'Hazirhat', NULL),
(253411, 2496, 'Gadhuligaon', 1),
(253412, 2496, 'Gola-Gaon', 1),
(253413, 2496, 'Jalah-Gaon ', 1),
(253414, 2496, 'Jalah ', 1),
(253415, 2496, 'Kaklabari ', 1),
(253416, 2496, 'Kamardwisa', 1),
(253419, 2496, 'Rabanguri ', 1),
(253420, 2496, 'Rupahi ', 1),
(253421, 2496, 'Salbari ', 1),
(253423, 2502, 'Amguri', 1),
(253424, 2502, 'Amteka', 1),
(253425, 2502, 'Bagargaon', 1),
(253426, 2502, 'Ballamguri', 1),
(253427, 2502, 'Bishnupur', 1),
(253428, 2502, 'Barlawgaon ', 1),
(253429, 2502, 'Borobazar', 1),
(253431, 2502, 'Koila Moila', 1),
(253432, 2502, 'Khungkrajhora', 1),
(253433, 2502, 'Malipara', 1),
(253435, 2502, 'Panbari', 1),
(253436, 2502, 'Rowmari', 1),
(253438, 2638, 'Kalugaon Subhaijhar', 1),
(253440, 2505, 'Birhangaon', 1),
(253442, 2505, 'Garubhasa', 1),
(253443, 2505, 'Kajalgaon', 1),
(253444, 2505, 'Kashikotra', 1),
(253446, 2505, 'Shyamthaibari', 1),
(253447, 2505, 'Sidli', 1),
(253450, 2608, 'Goreswar ', 1),
(253451, 2608, 'Gurmow Balahati', 1),
(253453, 2608, 'Maharipara ', 1),
(253454, 2608, 'Naokata', 1),
(253455, 2505, 'Ouguri', 1),
(253457, 2608, 'Rampur ', 1),
(253459, 2608, 'Suagpur ', 1),
(253465, 2676, 'Barama', 1),
(253467, 2505, 'Kodamtola', 1),
(253469, 2679, 'Madhupur', 1),
(253471, 2679, 'Ambari', 1),
(253472, 2679, 'Athiabari', 1),
(253476, 2679, 'Narayanpur', 1),
(253477, 2679, 'Adalbari', 1),
(253479, 2679, 'Thamna', 1),
(253480, 2681, 'Baganpara ', 1),
(253481, 2681, 'Bagulamari ', 1),
(253486, 2681, 'Subankhata ', 1),
(253488, 2683, 'Gandhibari', 1),
(253489, 2683, 'Mazagari', 1),
(253490, 2683, 'Nizdefeli', 1),
(253491, 2683, 'No-1 Pachim Defeli', 1),
(253493, 2683, 'No-3 Pachim Defeli', 1),
(253494, 2683, 'No-1 Pub-Kumarikata', 1),
(253495, 2683, 'No-2 Pub-Kumarikata', 1),
(253496, 2683, 'No-3 Pub-Kumarikata', 1),
(253498, 2686, 'No-1 Dakshin Kumarikata', 1),
(253499, 2686, 'No-2 Dakshin Kumarikata', 1),
(253500, 2686, 'No-1 Pachim Kumarikata', 1),
(253501, 2686, 'No2 Pachim kumarikata', 1),
(253502, 2686, 'No 3 Pachim kumarikata', 1),
(253506, 2686, 'No-1 Tamulpur', 1),
(253507, 2686, 'No-2 Tamulpur', 1),
(253508, 2686, 'No-3 Tamulpur', 1),
(253509, 2681, 'Gerua ', 1),
(253510, 6555, 'Dalakati Borobazar', 1),
(253511, 6548, 'Jaberitola', 1),
(253512, 6548, 'Sonaigaon', 1),
(253513, 6548, 'Alabari', 1),
(253514, 6548, 'Udalguri', 1),
(253515, 6548, 'Borla', 1),
(253516, 2505, 'Shantipur', 1),
(253517, 6548, 'Amjuli', 1),
(253518, 2681, 'Adla ', 1),
(253519, 6548, 'Sapangaon', 1),
(253520, 6548, 'Khowrang', 1),
(253521, 6548, 'Khamabari', 1),
(253522, 6551, 'Barnagaon', 1),
(253523, 6548, 'Borigaon', 1),
(253524, 6548, 'Sastrapara', 1),
(253525, 6548, 'Bhairaguri', 1),
(253526, 6548, 'Sapkhaiti', 1),
(253527, 6548, 'Ambagaon', 1),
(253528, 6548, 'Harisinga', 1),
(253529, 6548, 'Tamulbari', 1),
(253530, 6548, 'Murmela', 1),
(253531, 6548, 'Simluguri', 1),
(253532, 6548, 'Chumuapara', 1),
(253533, 6548, 'Panery', 1),
(253534, 6548, 'Bengbari', 1),
(253535, 6548, 'Ratanpur', 1),
(253536, 6548, 'Merbangchuba', 1),
(253537, 6548, 'Bongaon', 1),
(253538, 6548, 'Purandia', 1),
(253539, 6548, 'Ghagra', 1),
(253540, 6548, 'Khairajangal', 1),
(253541, 2637, 'Hatigarh', 1),
(253542, 6548, 'Bhutiachang', 1),
(253543, 6549, 'Hahchara', 1),
(253544, 6549, 'Nagachuba', 1),
(253545, 6549, 'Tenkibasti', 1),
(253546, 6549, 'Bamunjuli', 1),
(253547, 6549, 'Bholatar', 1),
(253548, 6549, 'Khasiachuba', 1),
(253549, 6549, 'Khagrabari', 1),
(253550, 6549, ' Attareekhat', 1),
(253551, 6549, 'Garuajhar', 1),
(253552, 6549, 'Kalikhola', 1),
(253553, 6549, 'Nonaikhuti', 1),
(253554, 6549, 'Orangajuli', 1),
(253555, 6549, 'Pachim patla', 1),
(253556, 6549, 'Dimakuchi', 1),
(253557, 6549, 'Budura', 1),
(253558, 6549, 'Panesheli', 1),
(253559, 6549, 'Goybari', 1),
(253560, 6549, 'Gopachachuba', 1),
(253561, 6549, 'Bhergami', 1),
(253562, 6549, 'Jabangapathar', 1),
(253563, 6549, 'No.1 Sonajuli', 1),
(253564, 6549, 'Rupakhat', 1),
(253565, 6549, 'Totolapara', 1),
(253566, 6549, 'Mwilapara', 1),
(253567, 6549, 'Rajagarh', 1),
(253568, 6549, 'Suklai', 1),
(253569, 6554, 'Kocharison', 1),
(253570, 6554, 'Natunpanbari', 1),
(253571, 6556, 'Koupati', 1),
(253572, 6552, 'Bhuyankhat', 1),
(253573, 6552, 'Tepakhat', 1),
(253574, 6552, 'Chengapathar', 1),
(253575, 6552, 'Kalaigaon Town', 1),
(253576, 6552, 'Naptipara', 1),
(253578, 6552, 'Gerua', 1),
(253579, 6552, 'Balipara', 1),
(253580, 6552, 'Kacharitol', 1),
(253581, 6552, 'Niz-Kalaigaon', 1),
(253582, 6552, 'Majorchuba', 1),
(253583, 6552, 'Dumuruguri', 1),
(253584, 6552, 'Jhargaon Kadamguri', 1),
(253585, 6552, 'Ranipukhuri', 1),
(253586, 6553, 'Khoirabari', 1),
(253587, 6553, 'Niz-Chinakona', 1),
(253588, 6553, 'Mahaliapara', 1),
(253589, 6553, 'Jhargaon', 1),
(253590, 6553, 'Kuhiarkuchi', 1),
(253591, 6550, 'Rowtagaon', 1),
(253592, 6550, 'Alabari', 1),
(253593, 6550, 'Bahipukhuri', 1),
(253594, 6550, '66 Dhansiri', 1),
(253595, 6550, 'Saikia Chuburi', 1),
(253596, 6550, 'Gelabil', 1),
(253597, 6550, 'Orang', 1),
(253598, 6550, 'Phulaguri', 1),
(253599, 6550, 'Rangpani', 1),
(253600, 6550, 'Habigaon', 1),
(253601, 6550, 'Merabil', 1),
(253602, 6550, 'Jagyapur', 1),
(253603, 6550, 'Mazbat', 1),
(253604, 6550, 'Naoherua', 1),
(253605, 6550, '64 Dhansiri', 1),
(253606, 6550, 'Lamabari', 1),
(253607, 6557, 'Mudoibari', 1),
(253608, 6558, 'Mudoibari', 1),
(253609, 6557, 'Bhakatpara', 1),
(253610, 6551, 'Ekrabari', 1),
(253611, 6551, 'Purani Goraibari', 1),
(253612, 6551, 'Barigaon', 1),
(253613, 6551, 'Kajiamati', 1),
(253614, 6551, 'Sivapur', 1),
(253615, 6551, 'Rowta', 1),
(253616, 6551, 'Rowta Station', 1),
(253617, 6551, 'Rowta Bagan', 1),
(253618, 6551, 'Dhansiri', 1),
(253619, 6551, 'Purani Hapagaon', 1),
(253620, 6551, 'Puhurabari', 1),
(253621, 6551, 'Mohanpur', 1),
(253622, 6548, 'Barnagaon', 1),
(253623, 6566, 'North West Bashbari', 1),
(253624, 6566, 'South East Bashbari', 1),
(253625, 6595, 'Debitola', 1),
(253626, 6595, 'Kazigaon', 1),
(253627, 6595, 'Modati', 1),
(253628, 6595, 'Monglajhora', 1),
(253629, 6595, 'Polashguri Debitola', 1),
(253630, 6595, 'Tipkai', 1),
(253631, 6568, 'Mahamaya', 1),
(253632, 6568, 'Jolabila', 1),
(253633, 6567, 'Ujanpara', 1),
(253634, 6569, 'Murshuljhora', 1),
(253635, 6570, 'Rupshi', 1),
(253636, 6570, 'Joldoba', 1),
(253637, 6570, 'Bashbari', 1),
(253638, 6570, 'Kurshakati, Rupshi', 1),
(253639, 2638, 'Amguri', 1),
(253640, 2638, 'Bhandranpur Bashbari', 1),
(253642, 2638, 'Deborgaon', 1),
(253643, 2638, 'Haltugaon', 1),
(253645, 2638, 'Maoriagaon', 1),
(253646, 2638, 'Simborgaon', 1),
(253647, 2638, 'Tinali', 1),
(253648, 2638, 'Titaguri', 1),
(253649, 2638, 'Ultapani Labanyapur', 1),
(253650, 2638, 'Bhatipara', 1),
(253651, 2638, 'Harinaguri', 1),
(253652, 2638, 'Gendrabil', 1),
(253653, 2638, 'North Nayekgaon', 1),
(253654, 2608, 'Oubari ', 1),
(253655, 2638, 'South Nayekgaon', 1),
(253656, 2638, 'Dholmara', 1),
(253657, 2638, 'Haloadol', 1),
(253658, 2638, 'Kalipukhuri', 1),
(253659, 2638, 'Karigaon Tarang Serfang', 1),
(253660, 2638, 'Kurshakati Kokrajhar', 1),
(253661, 2638, 'Nadangari', 1),
(253662, 2638, 'Salakati', 1),
(253663, 2505, 'Tilokgaon', 1),
(253664, 2505, 'Fulguri', 1),
(253665, 2638, 'Bhotgaon', 1),
(253666, 2638, 'Baruapara', 1),
(253667, 2638, 'Daloabari', 1),
(253668, 2638, 'Magurmari', 1),
(253669, 2638, 'Pachim Maligaon', 1),
(253670, 2638, 'Patgaon', 1),
(253671, 2638, 'Sijuguri', 1),
(253672, 2638, 'Sukanjhora', 1),
(253673, 2638, 'East Maligaon Mohanpur', 1),
(253674, 2634, 'Mahendrapur Saralpara', 1),
(253675, 2634, 'Binnachara', 1),
(253676, 2634, 'Chithila', 1),
(253677, 2634, 'Jagdai', 1),
(253678, 2634, 'Koraitari', 1),
(253679, 2634, 'Pochagarh', 1),
(253680, 2634, 'Pratapkhata', 1),
(253681, 2634, 'Shaktiashram', 1),
(253682, 2634, 'Boragari', 1),
(253683, 2634, 'Borshijhora', 1),
(253684, 2634, 'Dumuriguri', 1),
(253685, 2634, 'Gossainichina', 1),
(253686, 2634, 'Habrubari', 1),
(253687, 2634, 'Hokmabil', 1),
(253688, 2634, 'Nepalpara', 1),
(253689, 2634, 'Ramfalbil', 1),
(253690, 2634, 'Serfanguri', 1),
(253691, 2634, 'Sialmari', 1),
(253692, 2634, 'Aflagaon', 1),
(253693, 2634, 'Bongshigaon', 1),
(253694, 2634, 'Bonorgaon', 1),
(253695, 2634, 'Dhauliguri Dotma', 1),
(253696, 2634, 'Jharbari', 1),
(253697, 2634, 'Onthaibil', 1),
(253698, 2637, 'Anthaibari (Amritpur)', 1),
(253699, 2637, 'Guwabari', 1),
(253700, 2637, 'Bhomrabil', 1),
(253701, 2637, 'Hawriapet', 1),
(253702, 2637, 'Polashguri', 1),
(253703, 2637, 'Sapkata', 1),
(253704, 2637, 'Simultapu', 1),
(253705, 2637, 'Balagaon', 1),
(253706, 2637, 'Barzabil', 1),
(253707, 2637, 'Bhorpur', 1),
(253708, 2637, 'Burachara', 1),
(253709, 2637, 'Janaligaon', 1),
(253710, 2637, 'Jaraguri Goladangi', 1),
(253711, 2637, 'Kashiabari', 1),
(253712, 2637, 'Maktaigaon', 1),
(253713, 2637, 'Malaguri', 1),
(253714, 2637, 'Mojati', 1),
(253715, 2637, 'Ballimari', 1),
(253716, 2637, 'Binnyakhata', 1),
(253717, 2637, 'Borobadha', 1),
(253718, 2637, 'Boshgaon', 1),
(253720, 2637, 'Hudumkata', 1),
(253721, 2637, 'Raimona', 1),
(253722, 2637, 'Bairali', 1),
(253723, 2637, 'Gardenpur', 1),
(253724, 2637, 'Gongia', 1),
(253725, 2637, 'Joleswari', 1),
(253726, 2637, 'Kachugaon', 1),
(253727, 2637, 'Kamalsing', 1),
(253728, 2637, 'Takampur', 1),
(253729, 2635, 'Babubil', 1),
(253730, 2635, 'Bhumka', 1),
(253731, 2635, 'Harbhanga Gossaigaon', 1),
(253732, 2635, 'Panbari', 1),
(253733, 2635, 'Satyapur', 1),
(253734, 2635, 'Habrubil', 1),
(253735, 2635, 'Padmabil', 1),
(253736, 2635, 'Bhowraguri', 1),
(253737, 2635, 'Tulshibil', 1),
(253738, 2635, 'Joypur', 1),
(253739, 2635, 'Kartimari', 1),
(253740, 2635, 'Rimijhimi', 1),
(253741, 2635, 'Milon Bazar', 1),
(253742, 2636, 'Bhairiguri', 1),
(253743, 2636, 'Failaguri', 1),
(253744, 2636, 'Grahampur', 1),
(253745, 2636, 'Majadabri', 1),
(253746, 2636, 'Rangsupur', 1),
(253747, 2636, 'Srirampur', 1),
(253748, 2636, 'Thakurpur', NULL),
(253749, 2636, 'Haraputa', 1),
(253751, 2635, 'Kartimari Asharikandi', 1),
(253752, 2637, 'Raikhunbari', 1),
(255148, 2618, 'Chinthong', 1),
(257799, 2616, 'Amri', 1),
(257801, 2618, 'Socheng', 1),
(257802, 2623, 'Rongkhang', 1),
(257803, 2623, 'Bithung Rengthema', 1),
(257804, 2623, 'Kopili', 1),
(257811, 2625, 'Korkanthi', 1),
(257814, 2624, 'Socheng Dhenta', 1),
(257815, 2621, 'Lumbajong', 1),
(257816, 2621, 'Dhansiri', 1),
(257819, 2617, 'Sarupathar', 1),
(257820, 2617, 'Bokajan', 1),
(257822, 2622, 'Nilip', 1),
(261082, 2679, 'Bathouguri', 1),
(261083, 2679, 'Banganabari', 1),
(261084, 2679, 'Doomni', 1),
(261085, 2679, 'Nikashi', 1),
(261086, 2679, 'Borbari', 1),
(261087, 2679, 'Bhogpara', 1),
(261088, 2676, 'Puranshripur', 1),
(261089, 2676, 'Kharuajan', 1),
(261090, 2676, 'Debachara', 1),
(261091, 2676, 'Merkuchi', 1),
(261092, 2686, 'No 4 Pachim Kumarikata', 1),
(261093, 2686, 'No-3 Dakshin Kumarikata', 1),
(261094, 2686, 'No-4 Dakshin Kumarikata', 1),
(261095, 2686, 'No-4 Tamulpur', 1),
(261096, 2686, 'No-5 Tamulpur', 1),
(261097, 2686, 'Duwarkuchi', 1),
(261098, 2683, 'Nagrijuli', 1),
(261099, 2683, 'Khatarbari', 1),
(261100, 2683, 'Panbari', 1),
(261101, 2683, 'Kaurbaha', 1),
(261102, 2496, 'Silbari ', 1),
(261103, 2676, 'Kaklabari', 1),
(261104, 2496, 'Ramchartari', 1),
(261105, 2496, 'Rupaphuli ', 1),
(261106, 2496, 'Ghoramara Rupahi ', 1),
(261107, 2496, 'Borphena', 1),
(261108, 2496, 'Dangrigaon ', 1),
(261109, 2608, 'Baghdoba ', 1),
(261110, 2608, 'Balabari', 1),
(261111, 2608, 'Betna ', 1),
(261112, 2608, 'Gopchar ', 1),
(261113, 2608, 'Barghuli ', 1),
(261114, 2608, 'Kaurbaha', 1),
(261115, 2608, 'Dhepargaon ', 1),
(261116, 2608, 'Khandikar ', 1),
(261117, 2608, 'Deulkuchi ', 1),
(261118, 2608, 'Niz-Betna ', 1),
(261119, 2608, 'Deosunga ', 1),
(261120, 2608, 'Tengajhar ', 1),
(261121, 9999, 'Dakhin Howly', 1),
(261122, 9999, 'Pub-Howly', 1),
(261123, 9999, 'Paschim Howly', 1),
(261124, 9999, 'Mairajhar Pathar', 1),
(261125, 9999, 'Nimua ', 1),
(261126, 9999, 'Gobardhana ', 1),
(261127, 9999, 'Barapeta', 1),
(261128, 9999, 'Mainamata Pathar', 1),
(261129, 9999, 'Uttar Kharija Bijni', 1),
(261130, 9999, 'Bonmaja ', 1),
(261131, 9999, 'Dhekiajani ', 1),
(261132, 9999, 'Khusrabari ', 1),
(261133, 9999, 'Chunbari ', 1),
(261134, 9999, 'Bahbari ', 1),
(261135, 2681, 'Pakhamara ', 1),
(261136, 2681, 'Angardhowa ', 1),
(261137, 2681, 'Jopadong ', 1),
(261138, 2681, 'Ghoramara ', 1),
(261139, 2505, 'Ananda Betini', 1),
(261140, 2505, 'Ashrabari', 1),
(261141, 2505, 'Bamungaon Duttapur', 1),
(261142, 2505, 'Bangaldoba', 1),
(261143, 2505, 'Bengtol', 1),
(261144, 2505, 'Bengtol Serfang', 1),
(261145, 2505, 'Besorbari Nangalbhanga', 1),
(261147, 2505, 'Dangtol', 1),
(261148, 2505, 'Deosri', 1),
(261149, 2505, 'Hatisar', 1),
(261150, 2505, 'Khungring', 1),
(261151, 2505, 'Malivita', 1),
(261152, 2505, 'Paddapur', 1),
(261153, 2505, 'Patabari', 1),
(261154, 2505, 'Ranchaidham', 1),
(261155, 2505, 'Runikhata', 1),
(261156, 2505, 'Satipur Bilashpur', 1),
(261157, 2505, 'Thaikajhora', 1),
(261158, 2505, 'Tukrajhar', 1),
(261159, 2502, 'Alaori', 1),
(261160, 2502, 'Barpathar', 1),
(261161, 2502, 'Bhabanipur', 1),
(261162, 2502, 'Bhangnamari', 1),
(261163, 2502, 'Dakhin Makra', 1),
(261164, 2502, 'Dewanpara', 1),
(261165, 2502, 'Hakua Serfang', 1),
(261166, 2502, 'Kumarsali Batabari', 1),
(261167, 2502, 'Mongolian', 1),
(261168, 2502, 'Poshlabari', 1),
(261169, 2505, 'Subhaijhar', 1),
(261170, 2502, 'Thaisobari', 1),
(261171, 2502, 'Thuribari', 1),
(261172, 9998, 'Gargaon Bhalatol', 1),
(261173, 9998, 'Bijnigaon', 1),
(261174, 9998, 'Dangaigaon', 1),
(261175, 9998, 'Chatianguri', 1),
(261176, 9998, 'Alukhunda', 1),
(261177, 9998, 'Monakocha', 1),
(261178, 9998, 'Poshlabari Gargaon(Part)', 1),
(261180, 9998, 'Dewanpara (Part)', 1),
(261181, 9998, 'Mongolian (Part)', 1),
(261182, 9998, 'Bhangnamari (Part)', 1),
(272755, 2691, 'Borali', 1),
(272760, 2689, 'Diyungmukh', 1),
(272765, 2690, 'Haflong', 1),
(272766, 2688, 'Hajadisa', 1),
(272767, 2689, 'Hamri', 1),
(272768, 2691, 'Hangrun', 1),
(272769, 2690, 'Harangajao', 1),
(272772, 2691, 'Jinam', 1),
(272773, 2688, 'Kalachand', 1),
(272775, 2691, 'Laisong', 1),
(272776, 2688, 'Langting', 1),
(272777, 2690, 'Lower Kharthong', 1),
(272778, 2691, 'Mahur', 1),
(272779, 2688, 'Maibang East', 1),
(272780, 2688, 'Maibang West', 1),
(272781, 2688, 'Semkhor', 1),
(272782, 2688, 'Wajao', 1),
(272917, 2638, 'Debargaon', 1),
(273193, 2635, 'Dhouliguri Gossaigaon', 1),
(276420, 2638, 'Bismuri', 1),
(276422, 2502, 'Subhaijhar', 1),
(1000001, 2638, 'Owabari', 1),
(1000002, 6555, 'Gerua', 1),
(1000003, 6552, 'Bhakatpara', 1),
(1000004, 6548, 'Hatigarh', 1),
(1000005, 6548, 'Odala', 1),
(1000006, 6548, 'Santipur', 1),
(2534330, 9998, 'Malipara ', 1),
(2534700, 2619, 'Nomati', 1),
(2536310, 2619, 'Mahamaya', 1),
(2536311, 2625, 'Mahamaya', 1),
(2577980, 2616, 'Duar Amla', 1),
(2577981, 2618, 'Duar Amla', 1),
(2578050, 2618, 'Hamren', 1),
(2578051, 2623, 'Hamren', 1),
(2578060, 2623, 'Amreng', 1),
(2578061, 2626, 'Amreng', 1),
(2578070, 2619, 'Howraghat', 1),
(2578071, 2620, 'Howraghat', 1),
(2578080, 2619, 'Langfer', 1),
(2578081, 2620, 'Langfer', 1),
(2578090, 2619, 'Phuloni', 1),
(2578091, 2620, 'Phuloni', 1),
(2578100, 2619, 'Langhin', 1),
(2578101, 2620, 'Langhin', 1),
(2578102, 2625, 'Langhin', 1),
(2578131, 2625, 'Nomati ', 1),
(2578170, 2620, 'Singhason', 1),
(2578171, 2621, 'Singhason', 1),
(2578180, 2617, 'Borjan', 1),
(2578181, 2621, 'Borjan', 1),
(2578210, 2617, 'Deopani', 1),
(2578211, 2622, 'Deopani', 1),
(2578230, 2622, 'Duar bagori', 1),
(2578231, 2624, 'Duar Bagori', 1),
(2611410, 2505, 'Bamungaon Duttapur', 1),
(2727560, 2688, 'Daotuhaja', 1),
(2727561, 2691, 'Daotuhaja', 1),
(2727570, 2688, 'Dehangi', 1),
(2727571, 2689, 'Dehangi', 1),
(2727572, 2692, 'Dehangi', 1),
(2727580, 2688, 'Diger', 1),
(2727581, 2691, 'Diger', 1),
(2727590, 2690, 'Dihamalai', 1),
(2727591, 2692, 'Dihamalai', 1),
(2727610, 2690, 'Dolong', 1),
(2727611, 2692, 'Dolong', 1),
(2727620, 2689, 'Garampani', 1),
(2727621, 2692, 'Garampani', 1),
(2727630, 2688, 'Gunjung', 1),
(2727631, 2690, 'Gunjung', 1),
(2727640, 2688, 'Hadingma', 1),
(2727641, 2690, 'Hadingma', 1),
(2727642, 2691, 'Hadingma', 1),
(2727700, 2688, 'Hatikhali', 1),
(2727701, 2689, 'Hatikhali', 1),
(2727710, 2690, 'Jatinga', 1),
(2727711, 2691, 'Jatinga', 1),
(2727740, 2690, 'Kharthong', 1),
(2727741, 2692, 'Kharthong', 1),
(10000000, 9999, 'Uttar Howly', 1);

-- --------------------------------------------------------

--
-- Table structure for table `job_posts`
--

CREATE TABLE `job_posts` (
  `id` int(11) NOT NULL,
  `programme` varchar(20) NOT NULL,
  `name_of_post` varchar(60) NOT NULL,
  `vacancy_no` varchar(50) NOT NULL DEFAULT '1236547890'
) ENGINE=InnoDB DEFAULT CHARSET=latin1;

--
-- Dumping data for table `job_posts`
--

INSERT INTO `job_posts` (`id`, `programme`, `name_of_post`, `vacancy_no`) VALUES
(1, 'MGNREGA', 'MIS Officer (District MIS Manager)', '1236547890'),
(2, 'MGNREGA', 'Computer Assistant', '1236547890'),
(3, 'MGNREGA', 'Account Assistant', '1236547890'),
(4, 'MGNREGA', 'Gram Rozgar Sahayak', '1236547890'),
(5, 'PMAY-G', 'Assistant District Program Manager ', '1236547890'),
(6, 'PMAY-G', 'Block Program Manager', '1236547890'),
(7, 'PMAY-G', 'Gram Panchayat Coordinator', '1236547890'),
(8, 'RURBAN', 'Rural Development Management Professional', '1236547890'),
(9, 'CFP', 'Block GIS Co-ordinator', '1236547890'),
(10, 'CFP', 'Block NRM Expert', '1236547890'),
(11, 'CFP', 'Block Livelihood Expert(Agriculture & Allied)', '1236547890');

-- --------------------------------------------------------

--
-- Table structure for table `language_proficiencies`
--

CREATE TABLE `language_proficiencies` (
  `id` int(11) NOT NULL,
  `user_id` int(11) NOT NULL,
  `job_post_id` int(11) NOT NULL,
  `eng_lang` varchar(60) NOT NULL,
  `eng_read` varchar(10) DEFAULT NULL,
  `eng_write` varchar(10) DEFAULT NULL,
  `eng_speak` varchar(10) DEFAULT NULL,
  `ass_lang` varchar(10) NOT NULL,
  `ass_read` varchar(10) DEFAULT NULL,
  `ass_write` varchar(10) DEFAULT NULL,
  `ass_speak` varchar(10) DEFAULT NULL,
  `ben_lang` varchar(10) NOT NULL,
  `ben_read` varchar(10) DEFAULT NULL,
  `ben_write` varchar(10) DEFAULT NULL,
  `ben_speak` varchar(10) DEFAULT NULL,
  `bodo_lang` varchar(10) NOT NULL,
  `bodo_read` varchar(10) DEFAULT NULL,
  `bodo_write` varchar(10) DEFAULT NULL,
  `bodo_speak` varchar(10) DEFAULT NULL,
  `created_at` timestamp NOT NULL DEFAULT CURRENT_TIMESTAMP,
  `updated_at` timestamp NULL DEFAULT NULL
) ENGINE=InnoDB DEFAULT CHARSET=latin1;

--
-- Dumping data for table `language_proficiencies`
--

INSERT INTO `language_proficiencies` (`id`, `user_id`, `job_post_id`, `eng_lang`, `eng_read`, `eng_write`, `eng_speak`, `ass_lang`, `ass_read`, `ass_write`, `ass_speak`, `ben_lang`, `ben_read`, `ben_write`, `ben_speak`, `bodo_lang`, `bodo_read`, `bodo_write`, `bodo_speak`, `created_at`, `updated_at`) VALUES
(1, 42, 0, 'English', 'Yes', 'Yes', 'Yes', 'Assamese', 'Yes', 'Yes', 'Yes', 'Bengali', 'Yes', 'Yes', 'Yes', 'Bodo', 'Yes', 'Yes', 'Yes', '2020-09-21 01:31:43', '2020-09-21 01:36:40'),
(2, 43, 0, 'English', 'No', 'No', 'Yes', 'Assamese', 'Yes', 'Yes', 'Yes', 'Bengali', 'Yes', 'Yes', 'Yes', 'Bodo', 'Yes', 'Yes', 'Yes', '2020-09-21 03:10:46', '2020-09-21 03:10:46'),
(3, 49, 0, 'English', 'Yes', 'Yes', 'Yes', 'Assamese', 'No', 'No', 'No', 'Bengali', 'No', 'Yes', 'Yes', 'Bodo', 'Yes', 'Yes', 'Yes', '2020-09-21 23:39:28', '2020-09-21 23:39:28'),
(4, 49, 9, 'English', 'No', 'Yes', 'Yes', 'Assamese', 'Yes', 'Yes', 'Yes', 'Bengali', 'Yes', 'Yes', 'Yes', 'Bodo', 'Yes', 'Yes', 'Yes', '2020-09-23 01:04:27', '2020-09-23 01:08:29');

-- --------------------------------------------------------

--
-- Table structure for table `migrations`
--

CREATE TABLE `migrations` (
  `id` int(10) UNSIGNED NOT NULL,
  `migration` varchar(191) COLLATE utf8mb4_unicode_ci NOT NULL,
  `batch` int(11) NOT NULL
) ENGINE=InnoDB DEFAULT CHARSET=utf8mb4 COLLATE=utf8mb4_unicode_ci;

--
-- Dumping data for table `migrations`
--

INSERT INTO `migrations` (`id`, `migration`, `batch`) VALUES
(1, '2014_10_12_000000_create_users_table', 1),
(2, '2014_10_12_100000_create_password_resets_table', 1),
(3, '2016_06_01_000001_create_oauth_auth_codes_table', 1),
(4, '2016_06_01_000002_create_oauth_access_tokens_table', 1),
(5, '2016_06_01_000003_create_oauth_refresh_tokens_table', 1),
(6, '2016_06_01_000004_create_oauth_clients_table', 1),
(7, '2016_06_01_000005_create_oauth_personal_access_clients_table', 1);

-- --------------------------------------------------------

--
-- Table structure for table `oauth_access_tokens`
--

CREATE TABLE `oauth_access_tokens` (
  `id` varchar(100) COLLATE utf8mb4_unicode_ci NOT NULL,
  `user_id` bigint(20) DEFAULT NULL,
  `client_id` int(10) UNSIGNED NOT NULL,
  `name` varchar(191) COLLATE utf8mb4_unicode_ci DEFAULT NULL,
  `scopes` text COLLATE utf8mb4_unicode_ci,
  `revoked` tinyint(1) NOT NULL,
  `created_at` timestamp NULL DEFAULT NULL,
  `updated_at` timestamp NULL DEFAULT NULL,
  `expires_at` datetime DEFAULT NULL
) ENGINE=InnoDB DEFAULT CHARSET=utf8mb4 COLLATE=utf8mb4_unicode_ci;

--
-- Dumping data for table `oauth_access_tokens`
--

INSERT INTO `oauth_access_tokens` (`id`, `user_id`, `client_id`, `name`, `scopes`, `revoked`, `created_at`, `updated_at`, `expires_at`) VALUES
('06fecc0da17aa1625c2498ee11c29723e3ddfc9a61eb334e4a79472c9efb49a24263170b57f6a4b7', 42, 1, 'authToken', '[]', 0, '2020-09-20 10:20:20', '2020-09-20 10:20:20', '2021-09-20 15:50:20'),
('07e40f6fb04f3a9d2ad8c6e6343ef66cd2c8777d6f1c041aa050790ca3a0f5acfca6e709be55b180', 1, 1, 'authToken', '[]', 0, '2020-09-04 00:26:23', '2020-09-04 00:26:23', '2021-09-04 05:56:23'),
('0bc1f370268b25dd6de0cddeaacb3b068db3b2dc99c957cde9dd5e44b90cb22a1c2f395ff5a60d88', 42, 1, 'authToken', '[]', 0, '2020-09-20 22:49:47', '2020-09-20 22:49:47', '2021-09-21 04:19:47'),
('0c76701c385e8786f08baa1a0008010719389857755eabd78e7f02998c9d8c133e2d85117da0ab89', 42, 1, 'authToken', '[]', 0, '2020-09-20 22:49:44', '2020-09-20 22:49:44', '2021-09-21 04:19:44'),
('17f8ef08c4035eef83d54171480a93bbfebd40fbb54e4dbfe82d6fdb77f8cb3294dc581138ee408e', 42, 1, 'authToken', '[]', 0, '2020-09-19 02:00:23', '2020-09-19 02:00:23', '2021-09-19 07:30:23'),
('240ae2cdc98b7666b4fa40c9e36834d99af54e1250ded73d21fe3fb1a9674cf3d305b4fb68738581', 49, 1, 'authToken', '[]', 0, '2020-09-21 06:50:22', '2020-09-21 06:50:22', '2021-09-21 12:20:22'),
('2a73ff82eacd7ed3886fcaeafa8cff57c489406a8a7ed1488d046323d09b0a3fbed5f58de16c16bb', 41, 1, 'authToken', '[]', 0, '2020-09-14 01:25:53', '2020-09-14 01:25:53', '2021-09-14 06:55:53'),
('3afd9c18056382601ef18da45af31f9cfbc9346df7da5863e3c446b01a26ed568424715882c533f2', 3, 1, 'authToken', '[]', 0, '2020-09-01 06:27:22', '2020-09-01 06:27:22', '2021-09-01 11:57:22'),
('3fed12f4a9438cb0bd0ba46900ecd58e98c51acc57d632c2ed52fa8a16f8ffc04fa94fbebf3c3b51', 2, 1, 'authToken', '[]', 0, '2020-09-02 01:09:52', '2020-09-02 01:09:52', '2021-09-02 06:39:52'),
('420aedc99db3c4e9ce4bde547d63e0a3887f56be819fa22e405b3d9903d69bd9450ab55a95ac4c3f', 42, 1, 'authToken', '[]', 0, '2020-09-20 10:15:14', '2020-09-20 10:15:14', '2021-09-20 15:45:14'),
('43302f0e1365525cb14404299e6e3a42535cf38ecb28e9e3a34f81f7cc9772b4b4e89170f0e549b3', 1, 1, 'authToken', '[]', 0, '2020-09-01 07:09:26', '2020-09-01 07:09:26', '2021-09-01 12:39:26'),
('45f7d6c0ae17c001e0269c38939bfe9dae1b96b8299907edc68ba623173d3a65784952613549b01c', 51, 1, 'authToken', '[]', 0, '2020-09-24 01:25:09', '2020-09-24 01:25:09', '2021-09-24 06:55:09'),
('475b25a49b5416910c70fed81a166371ca64a434e6de27a1bec683eaf1b4999284c5507380425330', 1, 1, 'authToken', '[]', 0, '2020-09-04 00:53:09', '2020-09-04 00:53:09', '2021-09-04 06:23:09'),
('4ee029605f8fbdb9c8801e61c9d24e5cbfd2f5cc6d3be6a72ec4df79b82bf90bf4c16aa973bf9b26', 42, 1, 'authToken', '[]', 0, '2020-09-20 10:25:14', '2020-09-20 10:25:14', '2021-09-20 15:55:14'),
('5942238a7f0f6bbe4852d4de96126d21dc57584fc3104cea61f83eae60170f61e851c80a7386e36c', 49, 1, 'authToken', '[]', 0, '2020-09-21 23:13:00', '2020-09-21 23:13:00', '2021-09-22 04:43:00'),
('5e45d5437f8e70e055a0e5b73aa1c3dcbda8c9a63f7157084176d5131e630b23264bbda5da2658e8', 42, 1, 'authToken', '[]', 0, '2020-09-20 23:40:53', '2020-09-20 23:40:53', '2021-09-21 05:10:53'),
('692955feece2118be87342054e5a30c097db72cb33b1380cf57be3d65f037488571c465e6c691e7b', 42, 1, 'authToken', '[]', 0, '2020-09-14 01:38:38', '2020-09-14 01:38:38', '2021-09-14 07:08:38'),
('6c6a4e683f9aa58edcb4232870fba7bdeaea64ca5c8065208046edb54cc56bef6d16cec792826042', 1, 1, 'authToken', '[]', 0, '2020-09-01 07:11:00', '2020-09-01 07:11:00', '2021-09-01 12:41:00'),
('6d4d0bb4a8e5b2361cd03a9be9ddcce5480716d269145a744ce7b682069d3cab23972d1ee185835b', 1, 1, 'authToken', '[]', 0, '2020-09-01 06:43:13', '2020-09-01 06:43:13', '2021-09-01 12:13:13'),
('6ebcb7fe1e7b52fda528becdeb84624ebad445e699043993dcbfe47156668571a71b0d171c9b761b', 7, 1, 'authToken', '[]', 0, '2020-09-05 00:21:14', '2020-09-05 00:21:14', '2021-09-05 05:51:14'),
('71d697d97e7be8b458dd5651598bcbbec577a957d215f5d79e0188d7235a917c49a9107c63bba532', 43, 1, 'authToken', '[]', 0, '2020-09-20 07:50:22', '2020-09-20 07:50:22', '2021-09-20 13:20:22'),
('7d37b46416751bb580a3dd2d53e71877597503f953de582ff92b5b4a25c70ce2ed8af91c056bfbc2', 1, 1, 'authToken', '[]', 0, '2020-09-02 05:39:51', '2020-09-02 05:39:51', '2021-09-02 11:09:51'),
('7f6f1766ac021aa637f41026084be28987e476b6768e250b7197ac683b121b1bd3f1749edfc047ff', 1, 1, 'authToken', '[]', 0, '2020-09-04 00:31:06', '2020-09-04 00:31:06', '2021-09-04 06:01:06'),
('82a5b17ae99e578367c92e751ec72487ce3fdca1ec651eba17695b459be7ef7a870f8d54b6ee28d9', 43, 1, 'authToken', '[]', 0, '2020-09-21 02:53:54', '2020-09-21 02:53:54', '2021-09-21 08:23:54'),
('87f8790f8cd1f563e25bcb8e247e3de770c6e4f5bfce72847afffd7c9e595203ab92f96ca3e1763c', 42, 1, 'authToken', '[]', 0, '2020-09-17 01:33:46', '2020-09-17 01:33:46', '2021-09-17 07:03:46'),
('883b43b103bf45432dd0927308d7be9bb6228fe6ce5064552aaca2f28bf8645f5562aaff70c29d3e', 1, 1, 'authToken', '[]', 0, '2020-09-04 01:36:30', '2020-09-04 01:36:30', '2021-09-04 07:06:30'),
('8e859519e40d3feca132afe761bd8a81722ff1ce0ffc717318498edb37c97e216a94d6837f8ade76', 1, 1, 'authToken', '[]', 0, '2020-09-04 00:01:35', '2020-09-04 00:01:35', '2021-09-04 05:31:35'),
('9f79dd30d85b0a2e9124fcf638dfb6e2b06f695a3887a77a405b39c8c349c818287a68d31820fd99', 44, 1, 'authToken', '[]', 0, '2020-09-21 01:43:48', '2020-09-21 01:43:48', '2021-09-21 07:13:48'),
('a3f275b985b0d7f8542417c929c763f14adf9faa6de188fe21bc93c1f6ad9b56e2e0e3e3f3929676', 7, 1, 'authToken', '[]', 0, '2020-09-05 01:41:36', '2020-09-05 01:41:36', '2021-09-05 07:11:36'),
('a5a3ddb6c2182f5b75bff9999fda7f3fb6a94873089cd0be0b264a5b7687123dfa5c9477b3ff1b2c', 7, 1, 'authToken', '[]', 0, '2020-09-05 03:20:26', '2020-09-05 03:20:26', '2021-09-05 08:50:26'),
('acbe8ead30e1cc3be62fea2cdff0ce3bcd14520f1895e963c1cde578c78f9e821838af901a9c2c4f', 1, 1, 'authToken', '[]', 0, '2020-09-02 00:35:55', '2020-09-02 00:35:55', '2021-09-02 06:05:55'),
('ad55cf7568a5675109bf7a77a458dd33e1f2642340aa6bf028115865646958a899fedbb705092fe1', 42, 1, 'authToken', '[]', 0, '2020-09-19 00:38:45', '2020-09-19 00:38:45', '2021-09-19 06:08:45'),
('b5778b738a0dcbf2dd154140d58b139b85be5bab8a9107111d1a5d23634044dd2d5e1bce9883e9b9', 1, 1, 'authToken', '[]', 0, '2020-09-02 00:28:30', '2020-09-02 00:28:30', '2021-09-02 05:58:30'),
('b640142ab326aa3616372b8a849b5478eefcd75b5e7e2fce42f1ee49ed9920b214c629f4c3c98107', 43, 1, 'authToken', '[]', 0, '2020-09-20 00:36:35', '2020-09-20 00:36:35', '2021-09-20 06:06:35'),
('b8b8afb733cf3ddb60f4e98ffc25bb9948379e2a162e28fdef968f17eccdffdfa83c9ae365c7d058', 1, 1, 'authToken', '[]', 0, '2020-09-02 00:27:57', '2020-09-02 00:27:57', '2021-09-02 05:57:57'),
('bbfa88337d6e5082060c63cacdcadcdf340ee79817a0c3d8ff6ceb45e2e2ae78a4faf9688e64af62', 1, 1, 'authToken', '[]', 0, '2020-09-04 00:58:04', '2020-09-04 00:58:04', '2021-09-04 06:28:04'),
('c28cc673f2dea0a5ec75f4560973b40fea28a6c642ca6bb00b827f8346ea5131103ac4d8818f0eab', 42, 1, 'authToken', '[]', 0, '2020-09-20 10:24:33', '2020-09-20 10:24:33', '2021-09-20 15:54:33'),
('c491d01a388e28b99794305c94091f74b930fc9cec48ab248c515f2bf454c2cbe4efd5813d5da71c', 1, 1, 'authToken', '[]', 0, '2020-09-04 00:32:05', '2020-09-04 00:32:05', '2021-09-04 06:02:05'),
('d5a379d465d378b633fcde6c8f73fc6acd9cd7d18f6b4904f13370915b6283ddb56b05373369a49b', 51, 1, 'authToken', '[]', 0, '2020-09-24 01:24:29', '2020-09-24 01:24:29', '2021-09-24 06:54:29'),
('d629a578ceef5f2c8b69e90fc0bf9d928b2d6e55cd5172c6a14009c4178d3592d8a07811719cdf8c', 1, 1, 'authToken', '[]', 0, '2020-09-02 01:01:43', '2020-09-02 01:01:43', '2021-09-02 06:31:43'),
('e030a413cfb8a312b635e76bf6d685d085516b8f9475059dfda0eaf775cb4773fb26480297e1e4e5', 7, 1, 'authToken', '[]', 0, '2020-09-05 01:41:36', '2020-09-05 01:41:36', '2021-09-05 07:11:36'),
('e0b9f09449e258fbca3034dbbb4fed2cfd62b083d98451755fef486e4b4b3dadda5866214ea530b9', 1, 1, 'authToken', '[]', 0, '2020-09-04 00:43:29', '2020-09-04 00:43:29', '2021-09-04 06:13:29'),
('e24ee2533ebe47eccc2131708b91202ef60c5a72605aa0ff9d798c109b80fcc8a2dfe9c655c2ae01', 1, 1, 'authToken', '[]', 0, '2020-09-02 04:12:42', '2020-09-02 04:12:42', '2021-09-02 09:42:42'),
('e559fc45999f57214a1b684910826d3b3b9e9e19b69eef8dc6a2e69562e4347378a147082ddf9a9c', 42, 1, 'authToken', '[]', 0, '2020-09-21 01:24:09', '2020-09-21 01:24:09', '2021-09-21 06:54:09'),
('f2f48027722705765d19d323f5a2c82f64601686e3b68c4789b9198eb305a2ac83a9d16798e1a744', 1, 1, 'authToken', '[]', 0, '2020-09-02 00:57:52', '2020-09-02 00:57:52', '2021-09-02 06:27:52'),
('f57b8d05fbeb427db7c62758b2590ec00d1fd3ba29a0a9611ec05a0f2a59241df2d7ae1bbb393e11', 1, 1, 'authToken', '[]', 0, '2020-09-02 01:00:13', '2020-09-02 01:00:13', '2021-09-02 06:30:13'),
('ff0f5352bf4e88e3f21fb947a876b2cc098ed9d5ed228cd4bea91a038862ba673eda74173786736c', 1, 1, 'authToken', '[]', 0, '2020-09-02 04:19:53', '2020-09-02 04:19:53', '2021-09-02 09:49:53');

-- --------------------------------------------------------

--
-- Table structure for table `oauth_auth_codes`
--

CREATE TABLE `oauth_auth_codes` (
  `id` varchar(100) COLLATE utf8mb4_unicode_ci NOT NULL,
  `user_id` bigint(20) NOT NULL,
  `client_id` int(10) UNSIGNED NOT NULL,
  `scopes` text COLLATE utf8mb4_unicode_ci,
  `revoked` tinyint(1) NOT NULL,
  `expires_at` datetime DEFAULT NULL
) ENGINE=InnoDB DEFAULT CHARSET=utf8mb4 COLLATE=utf8mb4_unicode_ci;

-- --------------------------------------------------------

--
-- Table structure for table `oauth_clients`
--

CREATE TABLE `oauth_clients` (
  `id` int(10) UNSIGNED NOT NULL,
  `user_id` bigint(20) DEFAULT NULL,
  `name` varchar(191) COLLATE utf8mb4_unicode_ci NOT NULL,
  `secret` varchar(100) COLLATE utf8mb4_unicode_ci NOT NULL,
  `redirect` text COLLATE utf8mb4_unicode_ci NOT NULL,
  `personal_access_client` tinyint(1) NOT NULL,
  `password_client` tinyint(1) NOT NULL,
  `revoked` tinyint(1) NOT NULL,
  `created_at` timestamp NULL DEFAULT NULL,
  `updated_at` timestamp NULL DEFAULT NULL
) ENGINE=InnoDB DEFAULT CHARSET=utf8mb4 COLLATE=utf8mb4_unicode_ci;

--
-- Dumping data for table `oauth_clients`
--

INSERT INTO `oauth_clients` (`id`, `user_id`, `name`, `secret`, `redirect`, `personal_access_client`, `password_client`, `revoked`, `created_at`, `updated_at`) VALUES
(1, NULL, 'SIRD RECRUITMENT Personal Access Client', '14iusJ9ox89rayNC5GTTiYIFQxhrOmeANjL3aFRo', 'http://localhost', 1, 0, 0, '2020-08-28 01:24:53', '2020-08-28 01:24:53'),
(2, NULL, 'SIRD RECRUITMENT Password Grant Client', 'WMg7kOXgWlSqe9GACyfgWGDDRyJFJPF41xQsXRoN', 'http://localhost', 0, 1, 0, '2020-08-28 01:24:53', '2020-08-28 01:24:53');

-- --------------------------------------------------------

--
-- Table structure for table `oauth_personal_access_clients`
--

CREATE TABLE `oauth_personal_access_clients` (
  `id` int(10) UNSIGNED NOT NULL,
  `client_id` int(10) UNSIGNED NOT NULL,
  `created_at` timestamp NULL DEFAULT NULL,
  `updated_at` timestamp NULL DEFAULT NULL
) ENGINE=InnoDB DEFAULT CHARSET=utf8mb4 COLLATE=utf8mb4_unicode_ci;

--
-- Dumping data for table `oauth_personal_access_clients`
--

INSERT INTO `oauth_personal_access_clients` (`id`, `client_id`, `created_at`, `updated_at`) VALUES
(1, 1, '2020-08-28 01:24:53', '2020-08-28 01:24:53');

-- --------------------------------------------------------

--
-- Table structure for table `oauth_refresh_tokens`
--

CREATE TABLE `oauth_refresh_tokens` (
  `id` varchar(100) COLLATE utf8mb4_unicode_ci NOT NULL,
  `access_token_id` varchar(100) COLLATE utf8mb4_unicode_ci NOT NULL,
  `revoked` tinyint(1) NOT NULL,
  `expires_at` datetime DEFAULT NULL
) ENGINE=InnoDB DEFAULT CHARSET=utf8mb4 COLLATE=utf8mb4_unicode_ci;

-- --------------------------------------------------------

--
-- Table structure for table `password_resets`
--

CREATE TABLE `password_resets` (
  `email` varchar(191) COLLATE utf8mb4_unicode_ci NOT NULL,
  `token` varchar(191) COLLATE utf8mb4_unicode_ci NOT NULL,
  `created_at` timestamp NULL DEFAULT NULL
) ENGINE=InnoDB DEFAULT CHARSET=utf8mb4 COLLATE=utf8mb4_unicode_ci;

-- --------------------------------------------------------

--
-- Table structure for table `personal_details`
--

CREATE TABLE `personal_details` (
  `id` int(11) NOT NULL,
  `user_id` int(11) NOT NULL,
  `job_post_id` int(11) NOT NULL,
  `dob` date NOT NULL,
  `gender` varchar(20) NOT NULL,
  `nationality` varchar(50) NOT NULL,
  `caste` varchar(60) NOT NULL,
  `pwd` varchar(20) NOT NULL,
  `pwd_category` varchar(50) DEFAULT NULL,
  `father_name` varchar(80) NOT NULL,
  `mother_name` varchar(80) NOT NULL,
  `employment_reg_no` varchar(191) NOT NULL,
  `village_town` varchar(100) NOT NULL,
  `gram_panchyat_id` int(11) DEFAULT NULL,
  `municipality` varchar(191) DEFAULT NULL,
  `ward_no` varchar(100) DEFAULT NULL,
  `c_gram_panchyat_id` int(11) DEFAULT NULL,
  `c_block_id` int(11) DEFAULT NULL,
  `c_municipality` varchar(191) DEFAULT NULL,
  `c_ward_no` varchar(100) DEFAULT NULL,
  `block_id` int(11) DEFAULT NULL,
  `post_office` varchar(100) NOT NULL,
  `police_station` varchar(100) NOT NULL,
  `district_id` int(11) NOT NULL,
  `state` varchar(100) NOT NULL,
  `pincode` int(11) NOT NULL,
  `c_village_town` varchar(100) NOT NULL,
  `c_post_office` varchar(100) NOT NULL,
  `c_police_station` varchar(100) NOT NULL,
  `c_district_id` int(11) NOT NULL,
  `c_state` varchar(100) NOT NULL,
  `c_pincode` int(11) NOT NULL,
  `created_at` timestamp NOT NULL DEFAULT CURRENT_TIMESTAMP,
  `updated_at` timestamp NULL DEFAULT NULL
) ENGINE=InnoDB DEFAULT CHARSET=latin1;

--
-- Dumping data for table `personal_details`
--

INSERT INTO `personal_details` (`id`, `user_id`, `job_post_id`, `dob`, `gender`, `nationality`, `caste`, `pwd`, `pwd_category`, `father_name`, `mother_name`, `employment_reg_no`, `village_town`, `gram_panchyat_id`, `municipality`, `ward_no`, `c_gram_panchyat_id`, `c_block_id`, `c_municipality`, `c_ward_no`, `block_id`, `post_office`, `police_station`, `district_id`, `state`, `pincode`, `c_village_town`, `c_post_office`, `c_police_station`, `c_district_id`, `c_state`, `c_pincode`, `created_at`, `updated_at`) VALUES
(1, 42, 0, '0000-00-00', '', '', '', '', NULL, 't', 't', '87', '8', NULL, NULL, NULL, NULL, NULL, NULL, NULL, NULL, '8', '8', 0, 'Assam', 3112, '7', '87', '8', 0, 'Assam', 310, '2020-09-17 02:16:14', '2020-09-20 23:58:27'),
(4, 43, 0, '0000-00-00', '', '', '', '', NULL, 'hell', '7', '8721', 'Borbari,', NULL, NULL, NULL, NULL, NULL, NULL, NULL, NULL, '8', '8', 0, 'Assam', 8, 'iu', 'u', 'i', 0, 'Assam', 1, '2020-09-20 07:53:26', '2020-09-21 03:09:52'),
(6, 49, 9, '1212-12-12', 'Male', 'Indian', 'General', 'Yes', 'OH', 'y', 'u', 'u', 'ty', NULL, NULL, NULL, NULL, NULL, NULL, NULL, NULL, 'ty', 'ty', 0, 'Assam', 7, '6', '7', '7', 0, 'Assam', 7, '2020-09-21 23:18:45', '2020-09-22 06:03:50'),
(7, 51, 11, '0001-01-01', 'Male', 'Indian', 'General', 'Yes', NULL, '1', '1', '5', '1', 105785, NULL, NULL, NULL, NULL, '1', '1', 2508, '1', '1', 282, 'Assam', 1, '2', '2', '2', 281, 'Assam', 2, '2020-09-24 03:57:05', '2020-09-24 04:13:27');

-- --------------------------------------------------------

--
-- Table structure for table `qualifications`
--

CREATE TABLE `qualifications` (
  `id` int(11) UNSIGNED NOT NULL,
  `qualification_name` varchar(150) NOT NULL,
  `is_active` tinyint(1) NOT NULL,
  `created_at` timestamp NOT NULL DEFAULT CURRENT_TIMESTAMP,
  `updated_at` timestamp NOT NULL DEFAULT '0000-00-00 00:00:00'
) ENGINE=InnoDB DEFAULT CHARSET=latin1;

--
-- Dumping data for table `qualifications`
--

INSERT INTO `qualifications` (`id`, `qualification_name`, `is_active`, `created_at`, `updated_at`) VALUES
(1, 'BE (CSE/IT)', 1, '2020-09-03 07:11:19', '0000-00-00 00:00:00'),
(2, 'B TECH (CSE/IT)', 1, '2020-09-03 07:11:19', '0000-00-00 00:00:00'),
(3, 'MCA', 1, '2020-09-03 07:11:19', '0000-00-00 00:00:00'),
(4, 'BE Civil Engineering', 1, '2020-09-03 07:11:19', '0000-00-00 00:00:00'),
(5, 'B TECH Civil Engineering', 1, '2020-09-03 07:11:19', '0000-00-00 00:00:00'),
(6, 'Degree in Mass Communication', 1, '2020-09-03 07:11:20', '0000-00-00 00:00:00'),
(7, 'MBA(HR)', 1, '2020-09-03 07:11:20', '0000-00-00 00:00:00'),
(8, 'Diploma in  Civil Engineering', 1, '2020-09-03 07:11:20', '0000-00-00 00:00:00'),
(9, 'M Com', 1, '2020-09-03 07:11:20', '0000-00-00 00:00:00'),
(10, 'MBA Finance', 1, '2020-09-03 07:11:20', '0000-00-00 00:00:00'),
(11, 'Graduate', 1, '2020-09-03 07:11:20', '0000-00-00 00:00:00'),
(12, 'B Arch.', 1, '2020-09-03 07:11:20', '0000-00-00 00:00:00'),
(13, 'Masters in Finance  ', 1, '2020-09-03 07:11:20', '0000-00-00 00:00:00'),
(14, 'Masters in Procurement', 1, '2020-09-03 07:11:20', '0000-00-00 00:00:00'),
(15, 'Masters in Accounting ', 1, '2020-09-03 07:11:20', '0000-00-00 00:00:00'),
(16, 'MBA in Finance', 1, '2020-09-03 07:11:20', '0000-00-00 00:00:00'),
(17, 'MBA in Accounting', 1, '2020-09-03 07:11:20', '0000-00-00 00:00:00'),
(18, 'MBA in Procurement', 1, '2020-09-03 07:11:20', '0000-00-00 00:00:00'),
(19, 'Masters in Mass Communication', 1, '2020-09-03 07:11:20', '0000-00-00 00:00:00'),
(20, 'IEC', 1, '2020-09-03 07:11:20', '0000-00-00 00:00:00'),
(21, 'PG in GIS', 1, '2020-09-03 07:11:20', '0000-00-00 00:00:00'),
(22, 'PG in Geo Informatics', 1, '2020-09-03 07:11:20', '0000-00-00 00:00:00'),
(23, 'BE/BTECH (OTHERS)', 1, '2020-09-04 04:53:11', '2020-09-03 19:31:01');

-- --------------------------------------------------------

--
-- Table structure for table `registration_details`
--

CREATE TABLE `registration_details` (
  `id` int(11) NOT NULL,
  `user_id` int(11) NOT NULL,
  `dob` date NOT NULL,
  `gender` varchar(50) NOT NULL,
  `religion` varchar(60) NOT NULL,
  `nationality` varchar(60) NOT NULL,
  `caste` varchar(60) NOT NULL,
  `pwd` varchar(20) NOT NULL,
  `pwd_category` varchar(60) DEFAULT NULL,
  `existing_employee` varchar(20) NOT NULL,
  `existing_emp_year` float DEFAULT NULL,
  `ews` varchar(20) NOT NULL,
  `ex_serviceman` varchar(20) NOT NULL,
  `created_at` timestamp NOT NULL DEFAULT CURRENT_TIMESTAMP ON UPDATE CURRENT_TIMESTAMP,
  `updated_at` timestamp NULL DEFAULT NULL
) ENGINE=InnoDB DEFAULT CHARSET=latin1;

--
-- Dumping data for table `registration_details`
--

INSERT INTO `registration_details` (`id`, `user_id`, `dob`, `gender`, `religion`, `nationality`, `caste`, `pwd`, `pwd_category`, `existing_employee`, `existing_emp_year`, `ews`, `ex_serviceman`, `created_at`, `updated_at`) VALUES
(35, 42, '1212-12-12', 'Male', 'Hindu', 'Indian', 'SC', 'No', NULL, 'No', NULL, 'No', 'No', '2020-09-14 01:34:58', '2020-09-14 01:34:58'),
(36, 43, '1212-12-12', 'Male', 'Christian', 'Others', 'OBC', 'No', NULL, 'No', NULL, 'No', 'Yes', '2020-09-20 00:32:31', '2020-09-20 00:32:31'),
(37, 44, '2020-09-02', 'Male', 'Hindu', 'Indian', 'General', 'No', NULL, 'No', NULL, 'No', 'No', '2020-09-21 01:41:40', '2020-09-21 01:41:40'),
(41, 48, '2020-08-01', 'Male', 'Hindu', 'Indian', 'General', 'No', NULL, 'No', NULL, 'No', 'No', '2020-09-21 02:52:23', '2020-09-21 02:52:23');

-- --------------------------------------------------------

--
-- Table structure for table `required_qualifications`
--

CREATE TABLE `required_qualifications` (
  `id` int(11) NOT NULL,
  `job_post_id` int(11) NOT NULL,
  `qualification` varchar(191) NOT NULL
) ENGINE=InnoDB DEFAULT CHARSET=latin1;

--
-- Dumping data for table `required_qualifications`
--

INSERT INTO `required_qualifications` (`id`, `job_post_id`, `qualification`) VALUES
(1, 9, 'M.Tech in Geographic Information Science or Technology'),
(2, 9, 'M.E. in Geographic Information Science or Technology'),
(3, 10, 'B.Tech in Civil Engineering'),
(4, 10, 'B.E. in Civil Engineering'),
(5, 11, 'Masters in Agricultural Economics'),
(6, 11, 'Masters in Horticulture'),
(7, 9, 'B.E.'),
(8, 9, 'B.Tech');

-- --------------------------------------------------------

--
-- Table structure for table `users`
--

CREATE TABLE `users` (
  `id` bigint(20) UNSIGNED NOT NULL,
  `name` varchar(191) COLLATE utf8mb4_unicode_ci NOT NULL,
  `email` varchar(191) COLLATE utf8mb4_unicode_ci NOT NULL,
  `registration_no` varchar(191) COLLATE utf8mb4_unicode_ci DEFAULT NULL,
  `phone_no` double NOT NULL,
  `step` int(11) NOT NULL DEFAULT '1',
  `email_verified_at` timestamp NULL DEFAULT NULL,
  `password` varchar(191) COLLATE utf8mb4_unicode_ci DEFAULT NULL,
  `remember_token` varchar(100) COLLATE utf8mb4_unicode_ci DEFAULT NULL,
  `created_at` timestamp NULL DEFAULT NULL,
  `updated_at` timestamp NULL DEFAULT NULL
) ENGINE=InnoDB DEFAULT CHARSET=utf8mb4 COLLATE=utf8mb4_unicode_ci;

--
-- Dumping data for table `users`
--

INSERT INTO `users` (`id`, `name`, `email`, `registration_no`, `phone_no`, `step`, `email_verified_at`, `password`, `remember_token`, `created_at`, `updated_at`) VALUES
(42, 'Gautam Medhi', 'gforgenius2@gmail.com', 'REGDSIPRD20000001', 9874563210, 1, NULL, '$2y$10$SE4xE80YtxFYrcmWojY.guR8e8wjtgeTmSPQQww8qPgzmJEDV9mwC', NULL, '2020-09-14 01:34:58', '2020-09-21 23:09:43'),
(43, 'Gautam', 'gforgenius@gmail.com', 'REGDSIPRD20000002', 6548975642, 1, NULL, '$2y$10$xVtk2TnzAqPEICLf.7NFqOqWTQBY/otj/WMuu8Fb8ccizKBjgJP6y', NULL, '2020-09-20 00:32:30', '2020-09-21 03:11:14'),
(44, 'Bijju Pegu', 'biju@gratiatechnology.com', 'REGDSIPRD20000003', 7896541250, 1, NULL, '$2y$10$p0HI0vQDVaiYAjyhsk77wurGGZHOTrKZWk9ReNGVnrrmFlNS9/AN.', NULL, '2020-09-21 01:41:39', '2020-09-21 01:41:40'),
(48, 'TEST1', 'gautamsm17@gmail.com', 'REGDSIPRD20000004', 9678003220, 1, NULL, '$2y$10$akyd7Zm9Q8QAqJaIklhGdutq90JvUT.tlvNEzQEDqptsSANaWtKWG', NULL, '2020-09-21 02:52:23', '2020-09-21 02:52:23'),
(49, 'New User', 'gforgenius3@gmail.com', 'REGDSIPRD20000005', 6541235840, 7, NULL, '$2y$10$M8XJNRnr80jw0rBjJK/hyOFwjwF7/OJqs5ZzUoJRefmFKNDVhLkKC', NULL, '2020-09-21 06:49:24', '2020-09-24 00:50:22'),
(50, 'TEts', 'shymakumarbora17@gmail.com', 'REGDSIPRD20000006', 7568452141, 1, NULL, '$2y$10$SvYhsRP0NPE20HCVBS5PLuXzRDy6kAZd5Hk0JWXbm9JxT0rHJXU7O', NULL, '2020-09-24 01:18:38', '2020-09-24 01:18:38'),
(51, 'shyam', 'shyamkumarbora17@gmail.com', 'REGDSIPRD20000007', 3216547896, 2, NULL, '$2y$10$QGfsQ10bYaCEtKR7/eHCj.haasQFm7XekyvVwfNhPSMTl0TRSEoxC', NULL, '2020-09-24 01:20:54', '2020-09-24 05:44:41');

-- --------------------------------------------------------

--
-- Table structure for table `work_experiences`
--

CREATE TABLE `work_experiences` (
  `id` int(11) NOT NULL,
  `user_id` int(11) NOT NULL,
  `job_post_id` int(11) NOT NULL,
  `organisation` varchar(191) NOT NULL,
  `designation` varchar(191) NOT NULL,
  `from_date` date NOT NULL,
  `to_date` date NOT NULL,
  `document_name` varchar(191) DEFAULT NULL,
  `created_at` timestamp NOT NULL DEFAULT CURRENT_TIMESTAMP,
  `updated_at` timestamp NULL DEFAULT NULL
) ENGINE=InnoDB DEFAULT CHARSET=latin1;

--
-- Dumping data for table `work_experiences`
--

INSERT INTO `work_experiences` (`id`, `user_id`, `job_post_id`, `organisation`, `designation`, `from_date`, `to_date`, `document_name`, `created_at`, `updated_at`) VALUES
(9, 49, 9, 'y', 'u', '0012-12-12', '0012-12-12', '/public/uploads/work_experience/49_9_0jpg', '2020-09-23 23:51:05', '2020-09-23 23:51:05');

--
-- Indexes for dumped tables
--

--
-- Indexes for table `blocks`
--
ALTER TABLE `blocks`
  ADD PRIMARY KEY (`id`);

--
-- Indexes for table `computer_skills`
--
ALTER TABLE `computer_skills`
  ADD PRIMARY KEY (`id`);

--
-- Indexes for table `diploma_names`
--
ALTER TABLE `diploma_names`
  ADD PRIMARY KEY (`id`);

--
-- Indexes for table `districts`
--
ALTER TABLE `districts`
  ADD PRIMARY KEY (`id`);

--
-- Indexes for table `document_saves`
--
ALTER TABLE `document_saves`
  ADD PRIMARY KEY (`id`);

--
-- Indexes for table `educational_qualifications`
--
ALTER TABLE `educational_qualifications`
  ADD PRIMARY KEY (`id`);

--
-- Indexes for table `gram_panchyats`
--
ALTER TABLE `gram_panchyats`
  ADD PRIMARY KEY (`id`),
  ADD KEY `block_id` (`block_id`);

--
-- Indexes for table `job_posts`
--
ALTER TABLE `job_posts`
  ADD PRIMARY KEY (`id`);

--
-- Indexes for table `language_proficiencies`
--
ALTER TABLE `language_proficiencies`
  ADD PRIMARY KEY (`id`);

--
-- Indexes for table `migrations`
--
ALTER TABLE `migrations`
  ADD PRIMARY KEY (`id`);

--
-- Indexes for table `oauth_access_tokens`
--
ALTER TABLE `oauth_access_tokens`
  ADD PRIMARY KEY (`id`),
  ADD KEY `oauth_access_tokens_user_id_index` (`user_id`);

--
-- Indexes for table `oauth_auth_codes`
--
ALTER TABLE `oauth_auth_codes`
  ADD PRIMARY KEY (`id`);

--
-- Indexes for table `oauth_clients`
--
ALTER TABLE `oauth_clients`
  ADD PRIMARY KEY (`id`),
  ADD KEY `oauth_clients_user_id_index` (`user_id`);

--
-- Indexes for table `oauth_personal_access_clients`
--
ALTER TABLE `oauth_personal_access_clients`
  ADD PRIMARY KEY (`id`),
  ADD KEY `oauth_personal_access_clients_client_id_index` (`client_id`);

--
-- Indexes for table `oauth_refresh_tokens`
--
ALTER TABLE `oauth_refresh_tokens`
  ADD PRIMARY KEY (`id`),
  ADD KEY `oauth_refresh_tokens_access_token_id_index` (`access_token_id`);

--
-- Indexes for table `password_resets`
--
ALTER TABLE `password_resets`
  ADD KEY `password_resets_email_index` (`email`);

--
-- Indexes for table `personal_details`
--
ALTER TABLE `personal_details`
  ADD PRIMARY KEY (`id`);

--
-- Indexes for table `qualifications`
--
ALTER TABLE `qualifications`
  ADD PRIMARY KEY (`id`);

--
-- Indexes for table `registration_details`
--
ALTER TABLE `registration_details`
  ADD PRIMARY KEY (`id`);

--
-- Indexes for table `required_qualifications`
--
ALTER TABLE `required_qualifications`
  ADD PRIMARY KEY (`id`);

--
-- Indexes for table `users`
--
ALTER TABLE `users`
  ADD PRIMARY KEY (`id`),
  ADD UNIQUE KEY `users_email_unique` (`email`);

--
-- Indexes for table `work_experiences`
--
ALTER TABLE `work_experiences`
  ADD PRIMARY KEY (`id`);

--
-- AUTO_INCREMENT for dumped tables
--

--
-- AUTO_INCREMENT for table `blocks`
--
ALTER TABLE `blocks`
  MODIFY `id` int(11) NOT NULL AUTO_INCREMENT, AUTO_INCREMENT=10000;
--
-- AUTO_INCREMENT for table `computer_skills`
--
ALTER TABLE `computer_skills`
  MODIFY `id` int(11) NOT NULL AUTO_INCREMENT, AUTO_INCREMENT=2;
--
-- AUTO_INCREMENT for table `diploma_names`
--
ALTER TABLE `diploma_names`
  MODIFY `id` int(11) NOT NULL AUTO_INCREMENT, AUTO_INCREMENT=3;
--
-- AUTO_INCREMENT for table `districts`
--
ALTER TABLE `districts`
  MODIFY `id` int(11) NOT NULL AUTO_INCREMENT, AUTO_INCREMENT=1000;
--
-- AUTO_INCREMENT for table `document_saves`
--
ALTER TABLE `document_saves`
  MODIFY `id` int(11) NOT NULL AUTO_INCREMENT, AUTO_INCREMENT=7;
--
-- AUTO_INCREMENT for table `educational_qualifications`
--
ALTER TABLE `educational_qualifications`
  MODIFY `id` int(11) NOT NULL AUTO_INCREMENT, AUTO_INCREMENT=28;
--
-- AUTO_INCREMENT for table `job_posts`
--
ALTER TABLE `job_posts`
  MODIFY `id` int(11) NOT NULL AUTO_INCREMENT, AUTO_INCREMENT=12;
--
-- AUTO_INCREMENT for table `language_proficiencies`
--
ALTER TABLE `language_proficiencies`
  MODIFY `id` int(11) NOT NULL AUTO_INCREMENT, AUTO_INCREMENT=5;
--
-- AUTO_INCREMENT for table `migrations`
--
ALTER TABLE `migrations`
  MODIFY `id` int(10) UNSIGNED NOT NULL AUTO_INCREMENT, AUTO_INCREMENT=8;
--
-- AUTO_INCREMENT for table `oauth_clients`
--
ALTER TABLE `oauth_clients`
  MODIFY `id` int(10) UNSIGNED NOT NULL AUTO_INCREMENT, AUTO_INCREMENT=3;
--
-- AUTO_INCREMENT for table `oauth_personal_access_clients`
--
ALTER TABLE `oauth_personal_access_clients`
  MODIFY `id` int(10) UNSIGNED NOT NULL AUTO_INCREMENT, AUTO_INCREMENT=2;
--
-- AUTO_INCREMENT for table `personal_details`
--
ALTER TABLE `personal_details`
  MODIFY `id` int(11) NOT NULL AUTO_INCREMENT, AUTO_INCREMENT=8;
--
-- AUTO_INCREMENT for table `qualifications`
--
ALTER TABLE `qualifications`
  MODIFY `id` int(11) UNSIGNED NOT NULL AUTO_INCREMENT, AUTO_INCREMENT=24;
--
-- AUTO_INCREMENT for table `registration_details`
--
ALTER TABLE `registration_details`
  MODIFY `id` int(11) NOT NULL AUTO_INCREMENT, AUTO_INCREMENT=42;
--
-- AUTO_INCREMENT for table `required_qualifications`
--
ALTER TABLE `required_qualifications`
  MODIFY `id` int(11) NOT NULL AUTO_INCREMENT, AUTO_INCREMENT=9;
--
-- AUTO_INCREMENT for table `users`
--
ALTER TABLE `users`
  MODIFY `id` bigint(20) UNSIGNED NOT NULL AUTO_INCREMENT, AUTO_INCREMENT=52;
--
-- AUTO_INCREMENT for table `work_experiences`
--
ALTER TABLE `work_experiences`
  MODIFY `id` int(11) NOT NULL AUTO_INCREMENT, AUTO_INCREMENT=10;COMMIT;

/*!40101 SET CHARACTER_SET_CLIENT=@OLD_CHARACTER_SET_CLIENT */;
/*!40101 SET CHARACTER_SET_RESULTS=@OLD_CHARACTER_SET_RESULTS */;
/*!40101 SET COLLATION_CONNECTION=@OLD_COLLATION_CONNECTION */;
